RK,PLAYER,POS,TEAM,COMP,ATT,PCT,YDS,YDS/A,LONG,TD,INT,SACK,RATE,YDS/G,YEAR

1,Tom Brady, QB,NE,300,438,68.5,3632,8.29,64,26,4,27,109.7,303,2017
2,Matthew Stafford, QB,DET,271,424,63.9,3302,7.79,63,22,7,39,98.2,275,2017
3,Drew Brees, QB,NO,291,407,71.5,3298,8.10,54,17,5,15,104.2,275,2017
4,Philip Rivers, QB,LAC,272,431,63.1,3292,7.64,75,21,7,13,96.0,274,2017
5,Kirk Cousins, QB,WSH,275,413,66.6,3289,7.96,74,21,8,35,99.6,274,2017
6,Russell Wilson, QB,SEA,276,442,62.4,3256,7.37,66,26,8,28,96.9,271,2017
7,Alex Smith, QB,KC,273,402,67.9,3239,8.06,79,23,4,29,107.2,270,2017
8,Jared Goff, QB,LAR,244,392,62.2,3184,8.12,94,20,6,20,98.4,265,2017
9,Matt Ryan, QB,ATL,260,390,66.7,3057,7.84,88,16,8,16,95.4,255,2017
10,Carson Wentz, QB,PHI,242,399,60.7,3005,7.53,72,29,6,27,102.0,250,2017
11,Ben Roethlisberger, QB,PIT,250,396,63.1,2948,7.44,97,20,12,15,89.9,268,2017
12,Josh McCown, QB,NYJ,261,385,67.8,2880,7.48,69,18,8,35,96.7,240,2017
13,Derek Carr, QB,OAK,244,379,64.4,2731,7.21,64,17,8,14,91.9,248,2017
14,Case Keenum, QB,MIN,243,360,67.5,2703,7.51,65,16,5,9,98.6,246,2017
15,Cam Newton, QB,CAR,228,377,60.5,2583,6.85,64,16,11,28,83.0,215,2017
16,Blake Bortles, QB,JAX,229,383,59.8,2553,6.67,52,14,8,20,83.2,213,2017
17,Jacoby Brissett, QB,IND,217,359,60.4,2542,7.08,80,10,7,47,83.1,212,2017
18,Marcus Mariota, QB,TEN,208,329,63.2,2423,7.37,75,10,12,19,80.4,220,2017
19,Dak Prescott, QB,DAL,232,369,62.9,2420,6.56,72,18,9,25,87.9,202,2017
20,Eli Manning, QB,NYG,247,395,62.5,2411,6.10,77,14,7,26,84.1,219,2017
21,Andy Dalton, QB,CIN,201,324,62.0,2372,7.32,77,18,8,28,92.5,216,2017
22,Jameis Winston, QB,TB,180,291,61.9,2190,7.53,58,12,6,20,90.1,243,2017
23,Joe Flacco, QB,BAL,252,387,65.1,2144,5.54,66,11,11,23,77.1,179,2017
24,Tyrod Taylor, QB,BUF,206,326,63.2,2090,6.41,47,12,4,34,88.6,174,2017
25,DeShone Kizer, QB,CLE,181,345,52.5,2038,5.91,44,6,15,27,58.1,185,2017
26,Trevor Siemian, QB,DEN,182,309,58.9,2018,6.53,44,11,13,29,72.7,224,2017
27,Carson Palmer, QB,ARI,164,267,61.4,1978,7.41,46,9,7,22,84.4,283,2017
28,Jay Cutler, QB,MIA,193,302,63.9,1837,6.08,36,15,11,15,82.1,184,2017
29,Deshaun Watson, QB,HOU,126,204,61.8,1699,8.33,72,19,8,19,103.0,243,2017
30,C.J. Beathard, QB,SF,123,224,54.9,1430,6.38,83,4,6,19,69.2,204,2017
31,Aaron Rodgers, QB,GB,128,193,66.3,1385,7.18,72,13,3,19,103.2,231,2017
32,Tom Savage, QB,HOU,119,211,56.4,1349,6.39,57,5,6,19,71.8,193,2017
33,Brett Hundley, QB,GB,126,206,61.2,1269,6.16,55,5,8,23,70.6,159,2017
34,Brian Hoyer, QB,NE/SF,119,205,58.0,1245,6.07,59,4,4,16,74.1,208,2017
35,Mitchell Trubisky, QB,CHI,106,193,54.9,1237,6.41,70,5,4,21,74.6,155,2017
36,Ryan Fitzpatrick, QB,TB,96,163,58.9,1103,6.77,41,7,3,7,86.0,184,2017
37,Matt Moore, QB,MIA,78,127,61.4,861,6.78,61,4,5,12,75.6,215,2017
38,Mike Glennon, QB,CHI,93,140,66.4,833,5.95,29,4,5,8,76.9,208,2017
39,Blaine Gabbert, QB,ARI,62,104,59.6,719,6.91,52,6,5,9,79.8,240,2017
40,Brock Osweiler, QB,DEN,62,117,53.0,701,5.99,38,3,4,6,65.5,175,2017
,
41,Drew Stanton, QB,ARI,44,91,48.4,540,5.93,52,3,2,4,68.9,180,2017
42,Kevin Hogan, QB,CLE,46,75,61.3,517,6.89,49,4,5,6,71.9,129,2017
43,Sam Bradford, QB,MIN,32,43,74.4,382,8.88,44,3,0,5,124.4,191,2017
44,Jimmy Garoppolo, QB,NE/SF,28,39,71.8,311,7.97,33,1,1,2,93.0,156,2017
45,EJ Manuel, QB,OAK,24,43,55.8,265,6.16,41,1,1,4,72.3,133,2017
46,Geno Smith, QB,NYG,21,36,58.3,212,5.89,47,1,0,3,84.5,106,2017
47,Nathan Peterman, QB,BUF,19,39,48.7,195,5.00,21,1,5,1,32.5,65,2017
48,Matt Cassel, QB,TEN,25,42,59.5,162,3.86,17,1,2,8,55.9,81,2017
49,Scott Tolzien, QB,IND,9,18,50.0,128,7.11,32,0,2,4,33.8,128,2017
50,Cody Kessler, QB,CLE,11,23,47.8,126,5.48,31,0,1,6,46.6,32,2017
51,Ryan Mallett, QB,BAL,9,16,56.3,56,3.50,12,2,0,0,103.1,28,2017
2017NA,Nick Foles, QB,PHI,4,4,100.0,56,14.00,35,0,0,1,118.8,19,53,2017
Mohamed Sanu, WR,ATL,1,1,100.0,51,51.00,51,1,0,0,158.3,5,54,2017
Robert Golden, S,PIT,1,1,100.0,44,44.00,44,0,0,0,118.8,4,55,2017
Paxton Lynch, QB,DEN,9,14,64.3,41,2.93,19,0,1,4,38.4,41,56,2017
Sam Koch, P,BAL,2,2,100.0,38,19.00,22,0,0,0,118.8,3,2017
NA,Pat O'Donnell, P,CHI,1,1,100.0,38,38.00,38,1,0,0,158.3,3,58,2017
Brian Hoyer, QB,NE/SF,3,3,100.0,37,12.33,27,0,0,0,118.1,12,59,2017
Johnny Hekker, P,LAR,2,2,100.0,34,17.00,28,0,0,0,118.8,3,60,2017
Kellen Clemens, QB,LAC,5,5,100.0,33,6.60,10,0,0,0,94.2,8,61,2017
Lac Edwards, P,NYJ,1,1,100.0,31,31.00,31,0,0,0,118.8,3,62,2017
Brad Nortman, P,JAX,1,1,100.0,29,29.00,29,0,0,0,118.8,2,63,2017
Jake Rudock, QB,DET,3,5,60.0,24,4.80,13,0,1,0,32.5,8,64,2017
Tarik Cohen, RB,CHI,1,1,100.0,21,21.00,21,1,0,0,158.3,2,65,2017
Derek Anderson, QB,CAR,2,7,28.6,17,2.43,9,0,0,0,39.6,9,66,2017
Sean Mannion, QB,LAR,1,1,100.0,12,12.00,12,0,0,0,116.7,4,67,2017
Cooper Rush, QB,DAL,1,3,33.3,2,0.67,2,0,0,0,42.4,1,68,2017
Chad Henne, QB,JAX,0,2,0.0,0,0.00,0,0,0,0,39.6,0,2017
NA,Eric Decker, WR,TEN,0,1,0.0,0,0.00,0,0,0,0,39.6,0,2017
NA,Joe Webb, QB,BUF,0,1,0.0,0,0.00,0,0,0,0,39.6,0,2017
NA,Shane Vereen, RB,NYG,0,1,0.0,0,0.00,0,0,1,0,0.0,0,2017
NA,Ryan Quigley, P,MIN,0,1,0.0,0,0.00,0,0,0,0,39.6,0,2017
NA,Travis Kelce, TE,KC,0,1,0.0,0,0.00,0,0,1,0,0.0,0,2017
NA,MarQueis Gray, TE,MIA,0,1,0.0,0,0.00,0,0,0,0,39.6,0,2017
NA,Marqise Lee, WR,JAX,0,1,0.0,0,0.00,0,0,0,0,39.6,0,2017
NA,Jarvis Landry, WR,MIA,0,1,0.0,0,0.00,0,0,0,0,39.6,0,2017
NA,David Fales, QB,MIA,0,1,0.0,0,0.00,0,0,0,0,39.6,0,2017
NA,Michael Palardy, P,CAR,0,1,0.0,0,0.00,0,0,0,0,39.6,0,2017
NA,Tanner McEvoy, WR,SEA,0,1,0.0,0,0.00,0,0,1,0,0.0,0,2017
NA,Cooper Kupp, WR,LAR,0,1,0.0,0,0.00,0,0,0,0,39.6,0,,2017

1,Drew Brees, QB,NO,471,673,70.0,5208,7.74,98,37,15,27,101.7,326,2016
2,Matt Ryan, QB,ATL,373,534,69.9,4944,9.26,76,38,7,37,117.1,309,2016
3,Kirk Cousins, QB,WSH,406,606,67.0,4917,8.11,80,25,12,23,97.2,307,2016
4,Aaron Rodgers, QB,GB,401,610,65.7,4428,7.26,66,40,7,35,104.2,277,2016
5,Philip Rivers, QB,LAC,349,578,60.4,4386,7.59,59,33,21,36,87.9,274,2016
6,Matthew Stafford, QB,DET,388,594,65.3,4327,7.29,73,24,10,37,93.3,270,2016
7,Joe Flacco, QB,BAL,436,672,64.9,4317,6.42,95,20,15,33,83.5,270,2016
8,Andrew Luck, QB,IND,346,545,63.5,4240,7.78,64,31,13,41,96.4,283,2016
9,Carson Palmer, QB,ARI,364,597,61.0,4233,7.09,80,26,14,40,87.2,282,2016
10,Russell Wilson, QB,SEA,353,546,64.7,4219,7.73,59,21,11,41,92.6,264,2016
11,Andy Dalton, QB,CIN,364,563,64.7,4206,7.47,86,18,8,41,91.8,263,2016
12,Jameis Winston, QB,TB,345,567,60.8,4090,7.21,45,28,18,35,86.1,256,2016
13,Eli Manning, QB,NYG,377,598,63.0,4027,6.73,75,26,16,21,86.0,252,2016
14,Derek Carr, QB,OAK,357,560,63.8,3937,7.03,75,28,6,16,96.7,262,2016
15,Blake Bortles, QB,JAX,368,625,58.9,3905,6.25,51,23,16,34,78.8,244,2016
16,Sam Bradford, QB,MIN,395,552,71.6,3877,7.02,71,20,5,37,99.3,258,2016
17,Ben Roethlisberger, QB,PIT,328,509,64.4,3819,7.50,72,29,13,17,95.4,273,2016
18,Carson Wentz, QB,PHI,379,607,62.4,3782,6.23,73,16,14,33,79.3,236,2016
19,Dak Prescott, QB,DAL,311,459,67.8,3667,7.99,83,23,4,25,104.9,229,2016
20,Tom Brady, QB,NE,291,432,67.4,3554,8.23,79,28,2,15,112.2,296,2016
21,Cam Newton, QB,CAR,270,510,52.9,3509,6.88,88,19,14,36,75.8,234,2016
22,Alex Smith, QB,KC,328,489,67.1,3502,7.16,80,15,8,28,91.2,233,2016
23,Marcus Mariota, QB,TEN,276,451,61.2,3426,7.60,60,26,9,23,95.6,228,2016
24,Trevor Siemian, QB,DEN,289,486,59.5,3401,7.00,76,18,10,31,84.6,243,2016
25,Tyrod Taylor, QB,BUF,269,436,61.7,3023,6.93,84,17,6,42,89.6,202,2016
26,Ryan Tannehill, QB,MIA,261,389,67.1,2995,7.70,74,19,12,29,93.5,230,2016
27,Brock Osweiler, QB,HOU,301,510,59.0,2957,5.80,53,15,16,27,72.2,197,2016
28,Ryan Fitzpatrick, QB,NYJ,228,403,56.6,2710,6.73,57,12,17,19,69.6,194,2016
29,Colin Kaepernick, QB,SF,196,331,59.2,2241,6.77,65,16,4,36,90.7,187,2016
30,Case Keenum, QB,LAR,196,322,60.9,2201,6.84,65,9,11,23,76.4,220,2016
31,Matt Barkley, QB,CHI/ARI,129,216,59.7,1611,7.46,37,8,14,6,68.3,230,2016
32,Brian Hoyer, QB,CHI,134,200,67.0,1445,7.23,64,6,0,4,98.0,241,2016
33,Cody Kessler, QB,CLE,128,195,65.6,1380,7.08,44,6,2,21,92.3,153,2016
34,Josh McCown, QB,CLE,90,165,54.5,1100,6.67,54,6,6,18,72.3,220,2016
35,Jared Goff, QB,LAR,112,205,54.6,1089,5.31,66,5,7,26,63.6,156,2016
36,Jay Cutler, QB,CHI,81,137,59.1,1059,7.73,54,4,5,17,78.1,212,2016
37,Blaine Gabbert, QB,SF,91,160,56.9,925,5.78,75,5,6,11,68.4,154,2016
38,Robert Griffin III, QB,CLE,87,147,59.2,886,6.03,58,2,3,22,72.5,177,2016
39,Bryce Petty, QB,NYJ,75,133,56.4,809,6.08,52,3,7,13,60.0,135,2016
40,Matt Moore, QB,MIA,55,87,63.2,721,8.29,66,8,3,1,105.6,180,2016
,
41,Landry Jones, QB,PIT,53,86,61.6,558,6.49,51,4,2,4,86.3,70,2016
42,Jimmy Garoppolo, QB,NE,43,63,68.3,502,7.97,37,4,0,3,113.3,84,2016
43,Paxton Lynch, QB,DEN,49,83,59.0,497,5.99,31,2,1,9,79.2,166,2016
44,Tom Savage, QB,HOU,46,73,63.0,461,6.32,32,0,0,5,80.9,154,2016
45,Derek Anderson, QB,CAR,36,53,67.9,453,8.55,48,2,5,0,67.6,91,2016
46,Nick Foles, QB,KC,36,55,65.5,410,7.46,49,3,0,4,105.9,137,2016
47,Jacoby Brissett, QB,NE,34,55,61.8,400,7.27,58,0,0,6,83.9,133,2016
48,Matt Cassel, QB,TEN,30,51,58.8,284,5.57,50,2,2,5,71.0,71,2016
49,Shaun Hill, QB,MIN,19,35,54.3,242,6.91,33,0,0,1,76.1,81,2016
50,Scott Tolzien, QB,IND,23,37,62.2,216,5.84,32,1,2,3,64.7,72,2016
51,Drew Stanton, QB,ARI,19,48,39.6,192,4.00,29,2,3,1,39.6,38,2016
52,Charlie Whitehurst, QB,CLE/IND,14,24,58.3,182,7.58,31,1,1,2,78.8,182,2016
53,Connor Cook, QB,OAK,14,21,66.7,150,7.14,32,1,1,2,83.4,150,2016
54,Trevone Boykin, QB,SEA,13,18,72.2,145,8.06,31,1,1,1,91.2,29,2016
55,EJ Manuel, QB,BUF,11,26,42.3,131,5.04,35,0,0,3,58.3,22,2016
56,Geno Smith, QB,NYJ,8,14,57.1,126,9.00,69,1,1,3,81.3,63,2016
57,Kevin Hogan, QB,CLE/KC,14,26,53.8,104,4.00,17,0,2,2,31.6,26,2016
58,Cardale Jones, QB,BUF,6,11,54.5,96,8.73,64,0,1,1,46.0,96,2016
59,Mark Sanchez, QB,DAL/DEN,10,18,55.6,93,5.17,33,0,2,3,30.3,47,2016
60,Mike Glennon, QB,TB,10,11,90.9,75,6.82,13,1,0,0,125.4,38,2016
61,Matt McGloin, QB,OAK,8,15,53.3,50,3.33,19,0,0,0,60.4,17,2016
2016NA,Willie Snead, WR,NO,1,1,100.0,50,50.00,50,1,0,0,158.3,3,63,2016
Tanner McEvoy, WR,SEA,1,1,100.0,43,43.00,43,0,0,0,118.8,3,64,2016
Terrelle Pryor Sr., WR,CLE,5,9,55.6,41,4.56,26,0,0,1,67.4,3,65,2016
Pat McAfee, P,IND,1,1,100.0,35,35.00,35,0,0,0,118.8,2,66,2016
Tress Way, P,WSH,1,1,100.0,31,31.00,31,0,0,0,118.8,2,67,2016
Tony Romo, QB,DAL,3,4,75.0,29,7.25,15,1,0,0,134.4,29,68,2016
Ryan Mallett, QB,BAL,3,6,50.0,26,4.33,12,0,1,0,22.2,7,69,2016
David Fales, QB,CHI,2,5,40.0,22,4.40,12,0,0,1,53.7,22,70,2016
Marqise Lee, WR,JAX,1,1,100.0,20,20.00,20,1,0,0,158.3,1,71,2016
Sean Mannion, QB,LAR,3,6,50.0,19,3.17,9,0,1,0,17.4,19,72,2016
Brett Hundley, QB,GB,2,10,20.0,17,1.70,9,0,1,0,0.0,4,73,2016
Matt Schaub, QB,ATL,1,3,33.3,16,5.33,16,0,0,0,52.1,4,2016
NA,Riley Dixon, P,DEN,1,1,100.0,16,16.00,16,0,0,0,118.8,1,2016
NA,Chase Daniel, QB,PHI,1,1,100.0,16,16.00,16,0,0,0,118.8,16,76,2016
Doug Baldwin, WR,SEA,1,1,100.0,15,15.00,15,1,0,0,158.3,1,77,2016
Dez Bryant, WR,DAL,1,1,100.0,10,10.00,10,1,0,0,147.9,1,2016
NA,DeMarco Murray, RB,TEN,1,2,50.0,10,5.00,10,1,0,0,104.2,1,79,2016
Johnny Hekker, P,LAR,1,2,50.0,4,2.00,4,0,0,0,56.3,0,80,2016
Cameron Meredith, WR,CHI,1,1,100.0,2,2.00,2,1,0,0,118.8,0,,2016

81,Dontari Poe, NT,KC,1,1,100.0,22.00,2,1,0,0,118.8,0,82,2016
Jonathan Williams, RB,BUF,0,1,0.0,0,0.00,0,0,0,0,39.6,0,2016
NA,Duke Johnson Jr., RB,CLE,0,1,0.0,0,0.00,0,0,0,0,39.6,0,2016
NA,Cole Beasley, WR,DAL,0,1,0.0,0,0.00,0,0,0,0,39.6,0,2016
NA,Antonio Morrison, LB,IND,0,1,0.0,0,0.00,0,0,0,0,39.6,0,2016
NA,Jeremy Maclin, WR,KC,0,1,0.0,0,0.00,0,0,0,0,39.6,0,2016
NA,Pharoh Cooper, WR,LAR,0,1,0.0,0,0.00,0,0,1,0,0.0,0,2016
NA,Jarvis Landry, WR,MIA,0,1,0.0,0,0.00,0,0,0,0,39.6,0,2016
NA,Jerick McKinnon, RB,MIN,0,1,0.0,0,0.00,0,0,0,0,39.6,0,2016
NA,Josh Huff, WR,PHI/TB,0,1,0.0,0,0.00,0,0,0,0,39.6,0,2016
NA,Larry Fitzgerald, WR,ARI,0,1,0.0,0,0.00,0,0,0,0,39.6,0,2016
NA,Le'Veon Bell, RB,PIT,0,1,0.0,0,0.00,0,0,0,0,39.6,0,2016
NA,Kellen Clemens, QB,LAC,0,1,0.0,0,0.00,0,0,0,0,39.6,0,2016
NA,Travis Benjamin, WR,LAC,0,1,0.0,0,0.00,0,0,0,0,39.6,0,2016
NA,Jon Ryan, P,SEA,0,1,0.0,0,0.00,0,0,0,0,39.6,0,2016
NA,Justin Tucker, PK,BAL,0,1,0.0,0,0.00,0,0,0,0,39.6,0,,2016

1,Drew Brees, QB,NO,428,627,68.3,4870,7.77,80,32,11,31,101.0,325,2015
2,Philip Rivers, QB,LAC,437,661,66.1,4792,7.25,80,29,13,40,93.8,300,2015
3,Tom Brady, QB,NE,402,624,64.4,4770,7.64,76,36,7,38,102.2,298,2015
4,Carson Palmer, QB,ARI,342,537,63.7,4671,8.70,68,35,11,25,104.6,292,2015
5,Matt Ryan, QB,ATL,407,614,66.3,4591,7.48,70,21,16,30,89.0,287,2015
6,Eli Manning, QB,NYG,387,618,62.6,4436,7.18,87,35,14,27,93.6,277,2015
7,Blake Bortles, QB,JAX,355,606,58.6,4428,7.31,90,35,18,51,88.2,277,2015
8,Matthew Stafford, QB,DET,398,592,67.2,4262,7.20,57,32,13,44,97.0,266,2015
9,Ryan Tannehill, QB,MIA,363,586,61.9,4208,7.18,54,24,12,45,88.7,263,2015
10,Kirk Cousins, QB,WSH,379,543,69.8,4166,7.67,78,29,11,26,101.6,260,2015
11,Jameis Winston, QB,TB,312,535,58.3,4042,7.56,68,22,15,27,84.2,253,2015
12,Russell Wilson, QB,SEA,329,483,68.1,4024,8.33,80,34,8,45,110.1,252,2015
13,Derek Carr, QB,OAK,350,573,61.1,3987,6.96,68,32,13,31,91.1,249,2015
14,Ben Roethlisberger, QB,PIT,319,469,68.0,3938,8.40,69,21,16,20,94.5,328,2015
15,Ryan Fitzpatrick, QB,NYJ,335,562,59.6,3905,6.95,69,31,15,19,88.0,244,2015
16,Cam Newton, QB,CAR,296,495,59.8,3837,7.75,74,35,10,33,99.4,240,2015
17,Aaron Rodgers, QB,GB,347,572,60.7,3821,6.68,65,31,8,46,92.7,239,2015
18,Sam Bradford, QB,PHI,346,532,65.0,3725,7.00,78,19,14,28,86.4,266,2015
19,Jay Cutler, QB,CHI,311,483,64.4,3659,7.58,87,21,11,29,92.3,244,2015
20,Alex Smith, QB,KC,307,470,65.3,3486,7.42,80,20,7,45,95.4,218,2015
21,Andy Dalton, QB,CIN,255,386,66.1,3250,8.42,80,25,7,20,106.3,250,2015
22,Teddy Bridgewater, QB,MIN,292,447,65.3,3231,7.23,52,14,9,44,88.7,202,2015
23,Tyrod Taylor, QB,BUF,242,380,63.7,3035,7.99,63,20,6,36,99.4,217,2015
24,Marcus Mariota, QB,TEN,230,370,62.2,2818,7.62,61,19,10,38,91.5,235,2015
25,Joe Flacco, QB,BAL,266,413,64.4,2791,6.76,50,14,12,16,83.1,279,2015
26,Brian Hoyer, QB,HOU,224,369,60.7,2606,7.06,49,19,7,25,91.4,237,2015
27,Peyton Manning, QB,DEN,198,331,59.8,2249,6.80,75,9,17,16,67.9,225,2015
28,Josh McCown, QB,CLE,186,292,63.7,2109,7.22,56,12,4,23,93.3,264,2015
29,Nick Foles, QB,LAR,190,337,56.4,2052,6.09,68,7,10,14,69.0,187,2015
30,Blaine Gabbert, QB,SF,178,282,63.1,2031,7.20,71,10,7,25,86.2,254,2015
31,Brock Osweiler, QB,DEN,170,275,61.8,1967,7.15,72,10,6,23,86.4,246,2015
32,Andrew Luck, QB,IND,162,293,55.3,1881,6.42,87,15,12,15,74.9,269,2015
33,Matt Hasselbeck, QB,IND,156,256,60.9,1690,6.60,57,9,5,16,84.0,211,2015
34,Colin Kaepernick, QB,SF,144,244,59.0,1615,6.62,76,6,5,28,78.5,179,2015
35,Johnny Manziel, QB,CLE,129,223,57.8,1500,6.73,61,7,5,19,79.4,167,2015
36,Matt Cassel, QB,BUF/DAL,119,204,58.3,1276,6.26,51,5,7,14,70.6,142,2015
37,Zach Mettenberger, QB,TEN,101,166,60.8,935,5.63,57,4,7,13,66.7,134,2015
38,Tony Romo, QB,DAL,83,121,68.6,884,7.31,39,5,7,6,79.4,221,2015
39,AJ McCarron, QB,CIN,79,119,66.4,854,7.18,66,6,2,12,97.1,122,2015
40,Case Keenum, QB,LAR,76,125,60.8,828,6.62,60,4,1,4,87.7,138,2015
,
41,Kellen Moore, QB,DAL,61,104,58.7,779,7.49,36,4,6,5,71.0,260,2015
42,Ryan Mallett, QB,BAL/HOU,78,147,53.1,770,5.24,48,3,4,4,63.6,128,2015
43,Brandon Weeden, QB,DAL/HOU,71,98,72.4,738,7.53,67,2,2,8,92.1,185,2015
44,Mark Sanchez, QB,PHI,59,91,64.8,616,6.77,43,4,4,9,80.7,154,2015
45,Ryan Mallett, QB,BAL/HOU,58,97,59.8,566,5.84,39,2,2,2,74.5,283,2015
46,EJ Manuel, QB,BUF,52,84,61.9,561,6.68,58,3,3,6,78.5,80,2015
47,Jimmy Clausen, QB,CHI/BAL,49,85,57.6,555,6.53,48,2,3,3,70.5,278,2015
48,Austin Davis, QB,CLE,56,94,59.6,547,5.82,42,1,3,11,66.2,182,2015
49,Matt Schaub, QB,BAL,52,80,65.0,540,6.75,48,3,4,3,76.0,270,2015
50,Landry Jones, QB,PIT,32,55,58.2,513,9.33,88,3,4,2,77.3,73,2015
51,Mike Vick, QB,PIT,40,66,60.6,371,5.62,72,2,1,10,79.8,74,2015
52,T.J. Yates, QB,HOU,28,57,49.1,370,6.49,61,3,1,5,80.3,93,2015
53,Luke McCown, QB,NO,32,39,82.1,335,8.59,25,0,1,1,91.8,42,2015
54,Brandon Weeden, QB,DAL/HOU,26,42,61.9,305,7.26,44,3,0,2,107.7,153,2015
55,Geno Smith, QB,NYJ,27,42,64.3,265,6.31,28,2,1,3,87.9,265,2015
56,Dan Orlovsky, QB,DET,22,40,55.0,201,5.03,23,1,1,0,66.8,101,2015
57,Jimmy Clausen, QB,CHI/BAL,23,40,57.5,184,4.60,22,0,1,4,58.8,92,2015
58,Charlie Whitehurst, QB,TEN/IND,16,32,50.0,150,4.69,33,0,1,5,50.3,38,2015
59,Josh Freeman, QB,IND,15,28,53.6,149,5.32,57,1,1,1,65.9,149,2015
60,Matt McGloin, QB,OAK,23,32,71.9,142,4.44,14,2,1,2,88.3,71,2015
61,Colt McCoy, QB,WSH,7,11,63.6,128,11.64,71,1,0,1,133.9,64,2015
62,Drew Stanton, QB,ARI,11,25,44.0,104,4.16,21,0,2,2,22.8,15,2015
63,Alex Tanney, QB,TEN/IND,10,14,71.4,99,7.07,29,1,0,3,114.9,99,2015
64,Ryan Nassib, QB,NYG,5,5,100.0,68,13.60,25,1,0,0,158.3,68,2015
65,Kellen Clemens, QB,LAC,5,6,83.3,63,10.50,19,1,0,0,150.0,32,2015
66,Ryan Lindley, QB,IND,6,10,60.0,58,5.80,18,1,0,0,109.6,58,2015
67,Antonio Andrews, RB,TEN,1,1,100.0,41,41.00,41,1,0,0,158.3,3,2015
68,Tarvaris Jackson, QB,SEA,4,6,66.7,37,6.17,17,0,0,1,83.3,9,2015
69,Danny Amendola, WR,NE,1,1,100.0,36,36.00,36,0,0,0,118.8,3,2015
2015NA,Derek Anderson, QB,CAR,4,6,66.7,36,6.00,24,0,0,0,82.6,12,71,2015
Sean Mannion, QB,LAR,6,7,85.7,31,4.43,11,0,0,0,85.1,31,72,2015
Cecil Shorts III, WR,HOU,1,1,100.0,21,21.00,21,1,0,0,158.3,2,73,2015
Johnny Hekker, P,LAR,1,4,25.0,20,5.00,20,0,0,0,47.9,1,74,2015
Shaun Hill, QB,MIN,2,7,28.6,15,2.14,9,0,0,1,39.6,5,75,2015
Matt Moore, QB,MIA,1,1,100.0,14,14.00,14,0,0,0,118.8,14,76,2015
Sean Renfree, QB,ATL,3,7,42.9,11,1.57,11,0,1,2,10.7,6,77,2015
Jarvis Landry, WR,MIA,1,1,100.0,9,9.00,9,0,0,0,104.2,1,78,2015
B.J. Daniels, WR,SEA/HOU,1,2,50.0,7,3.50,7,0,0,0,58.3,4,79,2015
Jimmy Garoppolo, QB,NE,1,4,25.0,6,1.50,6,0,0,0,39.6,1,80,2015
Chris Hogan, WR,BUF,1,1,100.0,4,4.00,4,0,0,0,83.3,0,,2015

81,Scott Tolzien, QB,GB,1,1,100.0,44.00,4,0,0,1,83.3,1,2015
NA,Chase Daniel, QB,KC,2,2,100.0,4,2.00,6,0,0,0,79.2,2,83,2015
Cairo Santos, PK,KC,1,1,100.0,3,3.00,3,0,0,0,79.2,0,84,2015
Darren McFadden, RB,DAL,0,1,0.0,0,0.00,0,0,0,0,39.6,0,2015
NA,Travaris Cadet, RB,NE/NO/SF,0,1,0.0,0,0.00,0,0,0,0,39.6,0,2015
NA,Jamison Crowder, WR,WSH,0,1,0.0,0,0.00,0,0,0,0,39.6,0,2015
NA,Bryan Walters, WR,JAX,0,1,0.0,0,0.00,0,0,0,0,39.6,0,2015
NA,Jonathan Grimes, RB,HOU,0,1,0.0,0,0.00,0,0,0,0,39.6,0,89,2015
Sam Koch, P,BAL,1,1,100.0,-3,-3.00,-3,0,0,0,79.2,-0,,2015

1,Drew Brees, QB,NO,456,659,69.2,4952,7.51,69,33,17,29,97.0,310,2014
2014NA,Ben Roethlisberger, QB,PIT,408,608,67.1,4,952,8.15,94,32,9,33,103.3,310,2014
3,Andrew Luck, QB,IND,380,616,61.7,4761,7.73,80,40,16,27,96.5,298,2014
4,Peyton Manning, QB,DEN,395,597,66.2,4727,7.92,86,39,15,17,101.5,295,2014
5,Matt Ryan, QB,ATL,415,628,66.1,4694,7.48,79,28,14,31,93.9,293,2014
6,Eli Manning, QB,NYG,379,601,63.1,4410,7.34,80,30,14,28,92.1,276,2014
7,Aaron Rodgers, QB,GB,341,520,65.6,4381,8.43,80,38,5,28,112.2,274,2014
8,Philip Rivers, QB,LAC,379,570,66.5,4286,7.52,59,31,18,36,93.8,268,2014
9,Matthew Stafford, QB,DET,363,602,60.3,4257,7.07,73,22,12,45,85.7,266,2014
10,Tom Brady, QB,NE,373,582,64.1,4109,7.06,69,33,9,21,97.4,257,2014
11,Ryan Tannehill, QB,MIA,392,590,66.4,4045,6.86,50,27,12,46,92.8,253,2014
12,Joe Flacco, QB,BAL,344,554,62.1,3986,7.20,80,27,12,19,91.0,249,2014
13,Jay Cutler, QB,CHI,370,561,66.0,3812,6.80,74,28,18,38,88.6,254,2014
14,Tony Romo, QB,DAL,304,435,69.9,3705,8.52,68,34,9,29,113.2,247,2014
15,Russell Wilson, QB,SEA,285,452,63.1,3475,7.69,80,20,7,42,95.0,217,2014
16,Andy Dalton, QB,CIN,309,481,64.2,3398,7.06,81,19,17,21,83.5,212,2014
17,Colin Kaepernick, QB,SF,289,478,60.5,3369,7.05,80,19,10,52,86.4,211,2014
18,Brian Hoyer, QB,CLE,242,438,55.3,3326,7.59,81,12,13,24,76.5,238,2014
19,Derek Carr, QB,OAK,348,599,58.1,3270,5.46,77,21,12,24,76.6,204,2014
20,Alex Smith, QB,KC,303,464,65.3,3265,7.04,70,18,6,45,93.4,218,2014
21,Cam Newton, QB,CAR,262,448,58.5,3127,6.98,51,18,12,38,82.1,223,2014
22,Kyle Orton, QB,BUF,287,447,64.2,3018,6.75,84,18,10,33,87.8,252,2014
23,Teddy Bridgewater, QB,MIN,259,402,64.4,2919,7.26,87,14,12,39,85.2,225,2014
24,Blake Bortles, QB,JAX,280,475,58.9,2908,6.12,63,11,17,55,69.5,208,2014
25,Geno Smith, QB,NYJ,219,367,59.7,2525,6.88,74,13,13,28,77.5,180,2014
26,Ryan Fitzpatrick, QB,HOU,197,312,63.1,2483,7.96,76,17,8,21,95.3,207,2014
27,Mark Sanchez, QB,PHI,198,309,64.1,2418,7.83,72,14,11,23,88.4,269,2014
28,Josh McCown, QB,TB,184,327,56.3,2206,6.75,56,11,14,36,70.5,201,2014
29,Nick Foles, QB,PHI,186,311,59.8,2163,6.96,68,13,10,9,81.4,270,2014
30,Austin Davis, QB,LAR,180,284,63.4,2001,7.05,59,12,9,29,85.1,200,2014
31,Drew Stanton, QB,ARI,132,240,55.0,1711,7.13,49,7,5,11,78.7,190,2014
32,Kirk Cousins, QB,WSH,126,204,61.8,1710,8.38,81,10,9,8,86.4,285,2014
33,Robert Griffin III, QB,WSH,147,214,68.7,1694,7.92,69,4,6,33,86.9,188,2014
34,Shaun Hill, QB,LAR,145,229,63.3,1657,7.24,63,8,7,18,83.9,184,2014
35,Carson Palmer, QB,ARI,141,224,62.9,1626,7.26,80,11,3,9,95.6,271,2014
36,Mike Glennon, QB,TB,117,203,57.6,1417,6.98,41,10,6,16,83.3,236,2014
37,Zach Mettenberger, QB,TEN,107,179,59.8,1412,7.89,80,8,7,18,83.4,202,2014
38,Charlie Whitehurst, QB,TEN,105,185,56.8,1326,7.17,75,7,2,18,87.4,189,2014
39,Colt McCoy, QB,WSH,91,128,71.1,1057,8.26,70,4,3,17,96.4,211,2014
40,Jake Locker, QB,TEN,86,146,58.9,993,6.80,61,5,7,14,70.9,142,2014
,
41,EJ Manuel, QB,BUF,76,131,58.0,838,6.40,80,5,3,6,80.3,168,2014
42,Derek Anderson, QB,CAR,65,97,67.0,701,7.23,35,5,0,4,105.2,117,2014
43,Mike Vick, QB,NYJ,64,121,52.9,604,4.99,67,3,2,19,68.3,60,2014
44,Ryan Lindley, QB,ARI,45,93,48.4,562,6.04,41,2,4,6,56.8,187,2014
45,Chad Henne, QB,JAX,42,78,53.8,492,6.31,63,3,1,16,80.7,164,2014
46,Case Keenum, QB,LAR/HOU,45,77,58.4,435,5.65,35,2,2,3,72.2,218,2014
47,Matt Cassel, QB,MIN,41,71,57.7,425,5.99,28,3,4,6,65.8,142,2014
48,Ryan Mallett, QB,HOU,41,75,54.7,400,5.33,41,2,2,1,67.6,133,2014
49,Brandon Weeden, QB,DAL,24,41,58.5,303,7.39,43,3,2,1,85.7,61,2014
50,Matt Hasselbeck, QB,IND,30,44,68.2,301,6.84,32,2,0,2,102.6,75,2014
51,Jimmy Clausen, QB,CHI,26,48,54.2,223,4.65,22,2,1,3,71.8,56,2014
52,Christian Ponder, QB,MIN,22,44,50.0,222,5.05,18,0,2,6,45.8,111,2014
53,Jimmy Garoppolo, QB,NE,19,27,70.4,182,6.74,37,1,0,5,101.2,30,2014
54,Connor Shaw, QB,CLE,14,28,50.0,177,6.32,49,0,1,4,55.2,177,2014
55,Johnny Manziel, QB,CLE,18,35,51.4,175,5.00,32,0,2,3,42.0,35,2014
56,Chase Daniel, QB,KC,16,28,57.1,157,5.61,30,0,0,4,73.1,52,2014
57,Matt McGloin, QB,OAK,12,19,63.2,129,6.79,29,1,2,1,61.0,129,2014
58,Tom Savage, QB,HOU,10,19,52.6,127,6.68,35,0,1,1,51.9,64,2014
59,Logan Thomas, TE,ARI,1,9,11.1,81,9.00,81,1,0,2,101.6,41,2014
60,Mohamed Sanu, WR,CIN,3,3,100.0,79,26.33,50,1,0,1,158.3,5,2014
61,Jason Campbell, QB,CIN,11,19,57.9,74,3.90,38,0,0,1,66.6,19,2014
62,Matt Flynn, QB,GB,8,16,50.0,66,4.13,14,0,1,2,34.9,9,2014
63,T.J. Yates, QB,ATL,3,4,75.0,64,16.00,40,0,1,0,77.1,64,2014
64,Ryan Nassib, QB,NYG,4,5,80.0,60,12.00,29,0,0,2,116.7,15,2014
65,Matt Schaub, QB,OAK,5,10,50.0,57,5.70,16,0,2,3,27.9,5,2014
66,Brock Osweiler, QB,DEN,4,10,40.0,52,5.20,38,1,0,0,90.4,13,2014
67,Matt Simms, QB,NYJ,3,8,37.5,39,4.88,21,0,0,0,53.6,39,2014
68,Ryan Quigley, P,NYJ,1,1,100.0,38,38.00,38,0,0,0,118.8,2,2014
2014NA,Blaine Gabbert, QB,SF,3,7,42.9,38,5.43,20,1,0,0,100.0,38,70,2014
Johnny Hekker, P,LAR,2,2,100.0,37,18.50,19,0,0,0,118.8,2,71,2014
Cecil Shorts III, WR,JAX,2,2,100.0,32,16.00,23,1,0,0,158.3,2,72,2014
Sam Martin, P,DET,2,2,100.0,27,13.50,24,0,0,0,118.8,2,73,2014
Robert Golden, S,PIT,1,1,100.0,25,25.00,25,0,0,0,118.8,2,74,2014
Matt Moore, QB,MIA,2,4,50.0,21,5.25,14,0,0,0,65.6,11,75,2014
Antonio Brown, WR,PIT,2,2,100.0,20,10.00,17,1,0,0,147.9,1,76,2014
Bryan Anger, P,JAX,1,1,100.0,19,19.00,19,0,0,0,118.8,1,77,2014
Jermaine Kearse, WR,SEA,1,1,100.0,17,17.00,17,0,0,0,118.8,1,78,2014
Ted Ginn Jr., WR,ARI,1,1,100.0,10,10.00,10,0,0,0,108.3,1,2014
NA,Kellen Clemens, QB,LAC,1,3,33.3,10,3.33,10,0,0,1,43.7,5,2014
NA,Shane Lechler, P,HOU,1,1,100.0,10,10.00,10,0,0,0,108.3,1,,2014

81,Jordan Palmer, QB,CHI/TEN/HOU,1,3,33.3,72.33,7,0,0,0,42.4,7,82,2014
Dustin Colquitt, P,KC,1,1,100.0,6,6.00,6,0,0,0,91.7,0,83,2014
Arian Foster, RB,HOU,1,1,100.0,5,5.00,5,1,0,0,127.1,0,84,2014
Fred Jackson, RB,BUF,0,1,0.0,0,0.00,0,0,0,0,39.6,0,2014
NA,Josh Gordon, WR,CLE,0,1,0.0,0,0.00,0,0,0,0,39.6,0,2014
NA,Pat McAfee, P,IND,0,1,0.0,0,0.00,0,0,0,0,39.6,0,2014
NA,Darren McFadden, RB,OAK,0,1,0.0,0,0.00,0,0,0,0,39.6,0,2014
NA,Mike Wallace, WR,MIA,0,1,0.0,0,0.00,0,0,0,0,39.6,0,2014
NA,Odell Beckham Jr., WR,NYG,0,1,0.0,0,0.00,0,0,0,0,39.6,0,2014
NA,Jeremy Kerley, WR,NYJ,0,1,0.0,0,0.00,0,0,0,0,39.6,0,2014
NA,Matt Barkley, QB,PHI,0,1,0.0,0,0.00,0,0,0,0,39.6,0,2014
NA,Marion Grice, RB,ARI/LAC,0,1,0.0,0,0.00,0,0,0,0,39.6,0,2014
NA,Brad Wing, P,PIT,0,1,0.0,0,0.00,0,0,1,0,0.0,0,2014
NA,Eric Weddle, S,LAC,0,1,0.0,0,0.00,0,0,0,0,39.6,0,2014
NA,Anquan Boldin, WR,SF,0,1,0.0,0,0.00,0,0,0,0,39.6,0,2014
NA,Andy Lee, P,SF,0,1,0.0,0,0.00,0,0,0,0,39.6,0,2014
NA,Tarvaris Jackson, QB,SEA,1,1,100.0,0,0.00,0,0,0,0,79.2,0,2014
NA,Bobby Rainey Jr., RB,TB,0,1,0.0,0,0.00,0,0,0,0,39.6,0,2014
NA,Pierre Garcon, WR,WSH,0,1,0.0,0,0.00,0,0,0,0,39.6,0,2014
NA,Denard Robinson, RB,JAX,0,1,0.0,0,0.00,0,0,0,0,39.6,0,,2014

1,Peyton Manning, QB,DEN,450,659,68.3,5477,8.31,78,55,10,18,115.1,342,2013
2,Drew Brees, QB,NO,446,650,68.6,5162,7.94,76,39,12,37,104.7,323,2013
3,Matthew Stafford, QB,DET,371,634,58.5,4650,7.33,87,29,19,23,84.2,291,2013
4,Matt Ryan, QB,ATL,439,651,67.4,4515,6.94,81,26,17,44,89.6,282,2013
5,Philip Rivers, QB,LAC,378,544,69.5,4478,8.23,60,32,11,30,105.5,280,2013
6,Tom Brady, QB,NE,380,628,60.5,4343,6.92,81,25,11,40,87.3,271,2013
7,Andy Dalton, QB,CIN,363,586,61.9,4293,7.33,82,33,20,29,88.8,268,2013
8,Carson Palmer, QB,ARI,362,572,63.3,4274,7.47,91,24,22,41,83.9,267,2013
9,Ben Roethlisberger, QB,PIT,375,584,64.2,4261,7.30,67,28,14,42,92.0,266,2013
10,Ryan Tannehill, QB,MIA,355,588,60.4,3913,6.66,67,24,17,58,81.7,245,2013
11,Joe Flacco, QB,BAL,362,614,59.0,3912,6.37,74,19,22,48,73.1,245,2013
12,Tony Romo, QB,DAL,342,535,63.9,3828,7.16,82,31,10,35,96.7,255,2013
13,Andrew Luck, QB,IND,343,570,60.2,3822,6.71,73,23,9,32,87.0,239,2013
14,Eli Manning, QB,NYG,317,551,57.5,3818,6.93,70,18,27,39,69.4,239,2013
15,Cam Newton, QB,CAR,292,473,61.7,3379,7.14,79,24,13,43,88.8,211,2013
16,Russell Wilson, QB,SEA,257,407,63.1,3357,8.25,80,26,9,44,101.2,210,2013
17,Alex Smith, QB,KC,308,508,60.6,3313,6.52,71,23,7,39,89.1,221,2013
18,Chad Henne, QB,JAX,305,503,60.6,3241,6.44,62,13,14,38,76.5,216,2013
19,Robert Griffin III, QB,WSH,274,456,60.1,3203,7.02,62,16,12,38,82.2,246,2013
20,Colin Kaepernick, QB,SF,243,416,58.4,3197,7.69,64,21,8,39,91.6,200,2013
21,Geno Smith, QB,NYJ,247,443,55.8,3046,6.88,69,12,21,43,66.5,190,2013
22,Nick Foles, QB,PHI,203,317,64.0,2891,9.12,63,27,2,28,119.2,222,2013
23,Jay Cutler, QB,CHI,224,355,63.1,2621,7.38,67,19,12,19,89.2,238,2013
24,Mike Glennon, QB,TB,247,416,59.4,2608,6.27,85,19,9,40,83.9,201,2013
25,Aaron Rodgers, QB,GB,193,290,66.6,2536,8.75,83,17,6,21,104.9,282,2013
26,Ryan Fitzpatrick, QB,TEN,217,350,62.0,2454,7.01,77,14,12,21,82.0,223,2013
27,Matt Schaub, QB,HOU,219,358,61.2,2310,6.45,46,10,14,21,73.0,231,2013
28,Jason Campbell, QB,CLE,180,317,56.8,2015,6.36,80,11,8,16,76.9,224,2013
29,EJ Manuel, QB,BUF,180,306,58.8,1972,6.44,45,11,9,28,77.7,197,2013
30,Josh McCown, QB,CHI,149,224,66.5,1829,8.17,80,13,1,11,109.0,229,2013
31,Matt Cassel, QB,MIN,153,254,60.2,1807,7.11,79,11,9,16,81.6,201,2013
32,Terrelle Pryor Sr., WR,OAK,156,272,57.4,1798,6.61,73,7,11,31,69.1,163,2013
33,Case Keenum, QB,HOU,137,253,54.2,1760,6.96,66,9,6,19,78.2,220,2013
34,Brandon Weeden, QB,CLE,141,267,52.8,1731,6.48,95,9,9,27,70.3,216,2013
35,Sam Bradford, QB,LAR,159,262,60.7,1687,6.44,73,14,4,15,90.9,241,2013
36,Kellen Clemens, QB,LAR,142,242,58.7,1673,6.91,81,8,7,21,78.8,167,2013
37,Christian Ponder, QB,MIN,152,239,63.6,1648,6.90,47,7,9,27,77.9,183,2013
38,Matt McGloin, QB,OAK,118,211,55.9,1547,7.33,52,8,8,6,76.1,221,2013
39,Jake Locker, QB,TEN,111,183,60.7,1256,6.86,66,8,4,16,86.7,179,2013
40,Mike Vick, QB,PHI,77,141,54.6,1215,8.62,70,5,3,15,86.4,174,2013
,
41,Matt Flynn, QB,GB/OAK,102,166,61.4,1146,6.90,56,7,4,17,86.1,229,2013
42,Thaddeus Lewis, QB,BUF,93,157,59.2,1092,6.96,57,4,3,18,81.0,182,2013
43,Kirk Cousins, QB,WSH,81,155,52.3,854,5.51,62,4,7,5,58.4,171,2013
44,Scott Tolzien, QB,GB,55,90,61.1,717,7.97,52,1,5,3,66.8,239,2013
45,Brian Hoyer, QB,CLE,57,96,59.4,615,6.41,47,5,3,6,82.6,205,2013
46,Josh Freeman, QB,MIN/TB,43,94,45.7,571,6.07,39,2,3,7,59.3,190,2013
47,Blaine Gabbert, QB,JAX,42,86,48.8,481,5.59,67,1,7,12,36.0,160,2013
48,Kyle Orton, QB,DAL,33,51,64.7,398,7.80,39,2,2,0,85.3,133,2013
49,Jeff Tuel, QB,BUF,26,59,44.1,309,5.24,59,1,3,2,45.1,155,2013
50,Matt Barkley, QB,PHI,30,49,61.2,300,6.12,26,0,4,3,44.6,100,2013
51,Chase Daniel, QB,KC,25,38,65.8,248,6.53,48,1,1,2,81.9,50,2013
52,Matt Flynn, QB,GB/OAK,22,34,64.7,246,7.24,34,1,1,7,83.7,123,2013
53,Josh Freeman, QB,MIN/TB,20,53,37.7,190,3.59,22,0,1,1,40.6,190,2013
54,Matt Simms, QB,NYJ,16,31,51.6,156,5.03,25,1,1,4,63.4,52,2013
55,Tarvaris Jackson, QB,SEA,10,13,76.9,151,11.62,35,1,0,0,140.2,50,2013
56,Seneca Wallace, QB,GB,16,24,66.7,139,5.79,17,0,1,4,64.4,70,2013
57,Matt Hasselbeck, QB,IND,7,12,58.3,130,10.83,57,0,1,0,61.1,43,2013
58,T.J. Yates, QB,HOU,15,22,68.2,113,5.14,20,0,2,2,42.4,38,2013
59,Brock Osweiler, QB,DEN,11,16,68.8,95,5.94,19,0,0,2,84.1,24,2013
60,Curtis Painter, QB,NYG,8,16,50.0,57,3.56,9,0,2,1,19.0,19,2013
61,Matt Moore, QB,MIA,2,6,33.3,53,8.83,50,0,2,0,27.1,53,2013
62,Joshua Cribbs, WR,NYJ,2,3,66.7,38,12.67,25,0,0,0,109.7,6,2013
63,Dominique Davis, QB,ATL,5,7,71.4,34,4.86,14,0,0,0,81.8,34,2013
64,Bilal Powell, RB,NYJ,1,1,100.0,30,30.00,30,0,0,0,118.8,2,2013
2013NA,Mat McBriar, P,PIT,1,1,100.0,30,30.00,30,0,0,0,118.8,3,66,2013
Mohamed Sanu, WR,CIN,1,1,100.0,25,25.00,25,0,0,0,118.8,2,67,2013
Marcel Reece, FB,OAK,1,1,100.0,22,22.00,22,0,0,0,118.8,1,68,2013
Ace Sanders, WR,JAX,1,1,100.0,21,21.00,21,1,0,0,158.3,1,69,2013
Patrick Peterson, CB,ARI,1,1,100.0,17,17.00,17,0,0,0,118.8,1,70,2013
Darren McFadden, RB,OAK,1,1,100.0,16,16.00,16,1,0,0,158.3,2,71,2013
Antonio Brown, WR,PIT,1,1,100.0,15,15.00,15,0,0,1,118.8,1,72,2013
Colt McCoy, QB,SF,1,1,100.0,13,13.00,13,0,0,0,118.8,3,73,2013
Spencer Lanning, P,CLE,1,1,100.0,11,11.00,11,1,0,0,152.1,1,74,2013
Maurice Jones-Drew, RB,JAX,1,1,100.0,8,8.00,8,1,0,0,139.6,1,75,2013
Mike James, RB,TB,1,1,100.0,2,2.00,2,1,0,0,118.8,0,2013
NA,Tyrod Taylor, QB,BAL,1,5,20.0,2,0.40,2,0,1,0,0.0,1,77,2013
Johnny Hekker, P,LAR,0,1,0.0,0,0.00,0,0,0,0,39.6,0,2013
NA,Tavon Austin, WR,LAR,0,1,0.0,0,0.00,0,0,0,0,39.6,0,2013
NA,Luke McCown, QB,NO,0,1,0.0,0,0.00,0,0,0,0,39.6,0,2013
NA,Jeremy Kerley, WR,NYJ,0,1,0.0,0,0.00,0,0,0,0,39.6,0,,2013

81,Josh Bush, S,NYJ,0,1,0.0,0,0.00,0,0,0,0,39.6,0,2013
2013NA,Brad Smith, WR,PHI,0,1,0.0,0,0.00,0,0,0,0,39.6,0,2013
NA,Larry Fitzgerald, WR,ARI,0,1,0.0,0,0.00,0,0,0,0,39.6,0,2013
NA,Michael Koenen, P,TB,0,2,0.0,0,0.00,0,0,0,0,39.6,0,2013
NA,Bobby Rainey Jr., RB,CLE/TB,0,1,0.0,0,0.00,0,0,0,0,39.6,0,2013
NA,Denard Robinson, RB,JAX,0,1,0.0,0,0.00,0,0,0,0,39.6,0,87,2013
Shann Schillinger, DB,ATL/TEN,1,1,100.0,-8,-8.00,-8,0,0,0,79.2,-2,,2013

1,Drew Brees, QB,NO,422,670,63.0,5177,7.73,80,43,19,26,96.3,324,2012
2,Matthew Stafford, QB,DET,435,727,59.8,4967,6.83,57,20,17,29,79.8,310,2012
3,Tony Romo, QB,DAL,425,648,65.6,4903,7.57,85,28,19,36,90.5,306,2012
4,Tom Brady, QB,NE,401,637,63.0,4827,7.58,83,34,8,27,98.7,302,2012
5,Matt Ryan, QB,ATL,422,615,68.6,4719,7.67,80,32,14,28,99.1,295,2012
6,Peyton Manning, QB,DEN,400,583,68.6,4659,7.99,71,37,11,21,105.8,291,2012
7,Andrew Luck, QB,IND,339,627,54.1,4374,6.98,70,23,18,41,76.5,273,2012
8,Aaron Rodgers, QB,GB,371,552,67.2,4295,7.78,73,39,8,51,108.0,268,2012
9,Josh Freeman, QB,TB,306,558,54.8,4065,7.29,95,27,17,26,81.6,254,2012
10,Carson Palmer, QB,OAK,345,565,61.1,4018,7.11,64,22,14,26,85.3,268,2012
11,Matt Schaub, QB,HOU,350,544,64.3,4008,7.37,60,22,12,27,90.7,251,2012
12,Eli Manning, QB,NYG,321,536,59.9,3948,7.37,80,26,15,19,87.2,247,2012
13,Cam Newton, QB,CAR,280,485,57.7,3869,7.98,82,19,12,36,86.2,242,2012
14,Joe Flacco, QB,BAL,317,531,59.7,3817,7.19,61,22,10,35,87.7,239,2012
15,Sam Bradford, QB,LAR,328,551,59.5,3702,6.72,80,21,13,35,82.6,231,2012
16,Andy Dalton, QB,CIN,329,528,62.3,3669,6.95,59,27,16,46,87.4,229,2012
17,Philip Rivers, QB,LAC,338,527,64.1,3606,6.84,80,26,15,49,88.6,225,2012
18,Ryan Fitzpatrick, QB,BUF,306,505,60.6,3400,6.73,68,24,16,30,83.3,213,2012
19,Brandon Weeden, QB,CLE,297,517,57.4,3385,6.55,71,14,17,28,72.6,226,2012
20,Ryan Tannehill, QB,MIA,282,484,58.3,3294,6.81,80,12,13,35,76.1,206,2012
21,Ben Roethlisberger, QB,PIT,284,449,63.3,3265,7.27,82,26,8,30,97.0,251,2012
22,Robert Griffin III, QB,WSH,258,393,65.6,3200,8.14,88,20,5,30,102.4,213,2012
23,Russell Wilson, QB,SEA,252,393,64.1,3118,7.93,67,26,10,33,100.0,195,2012
24,Jay Cutler, QB,CHI,255,434,58.8,3033,6.99,60,19,14,38,81.3,202,2012
25,Christian Ponder, QB,MIN,300,483,62.1,2935,6.08,65,18,12,32,81.2,183,2012
26,Mark Sanchez, QB,NYJ,246,453,54.3,2883,6.36,66,13,18,34,66.9,192,2012
27,Mike Vick, QB,PHI,204,351,58.1,2362,6.73,77,12,10,28,78.1,236,2012
28,Jake Locker, QB,TEN,177,314,56.4,2176,6.93,71,10,11,25,74.0,198,2012
29,Chad Henne, QB,JAX,166,308,53.9,2084,6.77,81,11,11,28,72.2,208,2012
30,Colin Kaepernick, QB,SF,136,218,62.4,1814,8.32,57,10,3,16,98.3,140,2012
31,Matt Cassel, QB,KC,161,277,58.1,1796,6.48,46,6,12,19,66.7,200,2012
32,Alex Smith, QB,SF,153,218,70.2,1737,7.97,55,13,5,24,104.1,174,2012
33,Nick Foles, QB,PHI,161,265,60.8,1699,6.41,46,6,5,20,79.1,243,2012
34,Blaine Gabbert, QB,JAX,162,278,58.3,1662,5.98,80,9,6,22,77.4,166,2012
35,Matt Hasselbeck, QB,TEN,138,221,62.4,1367,6.19,37,7,5,14,81.0,171,2012
36,Kevin Kolb, QB,ARI,109,183,59.6,1169,6.39,46,8,3,27,86.1,195,2012
37,Brady Quinn, QB,KC,112,197,56.9,1141,5.79,57,2,8,21,60.1,114,2012
38,John Skelton, QB,ARI,109,201,54.2,1132,5.63,40,2,9,15,55.4,162,2012
39,Ryan Lindley, QB,ARI,89,171,52.0,752,4.40,28,0,7,12,46.7,125,2012
40,Charlie Batch, QB,PIT,45,70,64.3,475,6.79,43,1,4,3,64.9,238,2012
,
41,Kirk Cousins, QB,WSH,33,48,68.8,466,9.71,77,4,3,3,101.6,155,2012
42,Brian Hoyer, QB,ARI/PIT,30,53,56.6,330,6.23,53,1,2,4,65.8,165,2012
43,Byron Leftwich, QB,PIT,25,53,47.2,272,5.13,37,0,1,3,54.9,136,2012
44,Jason Campbell, QB,CHI,32,51,62.7,265,5.20,45,2,2,6,72.8,44,2012
45,Greg McElroy, QB,NYJ,19,31,61.3,214,6.90,30,1,1,11,79.2,107,2012
46,Thaddeus Lewis, QB,CLE,22,32,68.8,204,6.38,23,1,1,3,83.3,204,2012
47,Tyrod Taylor, QB,BAL,17,29,58.6,179,6.17,25,0,1,3,62.3,26,2012
48,Shaun Hill, QB,DET,10,13,76.9,172,13.23,46,2,0,0,157.9,172,2012
49,Terrelle Pryor Sr., WR,OAK,14,30,46.7,155,5.17,38,2,1,0,70.8,52,2012
50,Matt Moore, QB,MIA,11,19,57.9,131,6.90,37,1,0,2,96.6,66,2012
51,Matt Leinart, QB,OAK,16,33,48.5,115,3.49,20,0,1,1,44.4,58,2012
52,Kyle Orton, QB,DAL,9,10,90.0,89,8.90,21,1,0,0,137.1,89,2012
53,Colt McCoy, QB,CLE,9,17,52.9,79,4.65,21,1,0,4,85.2,26,2012
54,Mohamed Sanu, WR,CIN,1,1,100.0,73,73.00,73,1,0,0,158.3,8,2012
55,Matt Flynn, QB,SEA,5,9,55.6,68,7.56,27,0,0,0,79.9,23,2012
56,Bruce Gradkowski, QB,CIN,5,11,45.5,65,5.91,44,0,0,0,64.6,33,2012
57,Derek Anderson, QB,CAR,4,4,100.0,58,14.50,23,0,0,0,118.8,29,2012
58,Dan Orlovsky, QB,TB,4,7,57.1,51,7.29,24,0,0,0,80.1,51,2012
59,Johnny Hekker, P,LAR,3,3,100.0,42,14.00,21,1,0,0,158.3,3,2012
2012NA,Jeremy Kerley, WR,NYJ,1,1,100.0,42,42.00,42,0,0,0,118.8,3,61,2012
Kellen Clemens, QB,LAR,1,3,33.3,39,13.00,39,0,1,0,42.4,20,2012
NA,Tim Tebow, QB,NYJ,6,8,75.0,39,4.88,23,0,0,2,84.9,3,63,2012
T.J. Yates, QB,HOU,4,10,40.0,38,3.80,19,0,1,1,11.7,10,64,2012
Rusty Smith, QB,TEN,3,5,60.0,34,6.80,17,0,0,0,80.4,34,65,2012
Tyler Thigpen, QB,BUF,3,5,60.0,30,6.00,12,0,0,0,77.1,8,66,2012
Mike Williams, WR,TB,1,1,100.0,28,28.00,28,0,0,0,118.8,2,67,2012
Tim Masthay, P,GB,1,2,50.0,27,13.50,27,1,0,0,135.4,2,68,2012
Sidney Rice, WR,SEA,1,2,50.0,25,12.50,25,0,0,0,95.8,2,69,2012
Golden Tate, WR,SEA,1,1,100.0,23,23.00,23,1,0,0,158.3,2,70,2012
Graham Harrell, QB,GB,2,4,50.0,20,5.00,11,0,0,0,64.6,5,71,2012
David Carr, QB,NYG,2,3,66.7,19,6.33,15,0,0,1,84.0,10,72,2012
Ryan Mallett, QB,NE,1,4,25.0,17,4.25,17,0,1,0,5.2,4,73,2012
Trent Edwards, QB,PHI,2,2,100.0,14,7.00,8,0,0,0,95.8,14,74,2012
Brock Osweiler, QB,DEN,2,4,50.0,12,3.00,7,0,0,0,56.3,2,75,2012
Chase Daniel, QB,NO,1,1,100.0,10,10.00,10,0,0,0,108.3,1,76,2012
Shane Lechler, P,OAK,1,1,100.0,4,4.00,4,0,0,0,83.3,0,77,2012
Brad Smith, WR,BUF,0,1,0.0,0,0.00,0,0,1,0,0.0,0,2012
NA,Matt Prater, PK,DEN,0,1,0.0,0,0.00,0,0,0,0,39.6,0,2012
NA,T.Y. Hilton, WR,IND,0,1,0.0,0,0.00,0,0,0,0,39.6,0,2012
NA,Peyton Hillis, RB,KC,0,1,0.0,0,0.00,0,0,0,0,39.6,0,,2012

81,Brandon Fields, P,MIA,0,1,0.0,0,0.00,0,0,0,0,39.6,0,2012
2012NA,Antonio Brown, WR,PIT,0,2,0.0,0,0.00,0,0,1,0,0.0,0,2012
NA,Danario Alexander, WR,LAC,0,1,0.0,0,0.00,0,0,0,0,39.6,0,2012
NA,Josh Morgan, WR,WSH,0,1,0.0,0,0.00,0,0,0,0,39.6,0,2012
NA,Armanti Edwards, WR,CAR,0,1,0.0,0,0.00,0,0,0,0,39.6,0,,2012

1,Drew Brees, QB,NO,468,657,71.2,5476,8.34,79,46,14,24,110.6,342,2011
2,Tom Brady, QB,NE,401,611,65.6,5235,8.57,99,39,12,32,105.6,327,2011
3,Matthew Stafford, QB,DET,421,663,63.5,5038,7.60,73,41,16,36,97.2,315,2011
4,Eli Manning, QB,NYG,359,589,61.0,4933,8.38,99,29,16,28,92.9,308,2011
5,Aaron Rodgers, QB,GB,343,502,68.3,4643,9.25,93,45,6,36,122.5,310,2011
6,Philip Rivers, QB,LAC,366,582,62.9,4624,7.95,58,27,20,30,88.7,289,2011
7,Tony Romo, QB,DAL,346,522,66.3,4184,8.02,77,31,10,36,102.5,262,2011
8,Matt Ryan, QB,ATL,347,566,61.3,4177,7.38,80,29,12,26,92.2,261,2011
9,Ben Roethlisberger, QB,PIT,324,513,63.2,4077,7.95,95,21,14,40,90.1,272,2011
10,Cam Newton, QB,CAR,310,517,60.0,4051,7.84,91,21,17,35,84.5,253,2011
11,Ryan Fitzpatrick, QB,BUF,353,569,62.0,3832,6.74,60,24,23,22,79.1,240,2011
12,Joe Flacco, QB,BAL,312,542,57.6,3610,6.66,74,20,12,31,80.9,226,2011
13,Josh Freeman, QB,TB,346,551,62.8,3592,6.52,65,16,22,29,74.6,239,2011
14,Matt Hasselbeck, QB,TEN,319,518,61.6,3571,6.89,80,18,14,19,82.4,223,2011
15,Mark Sanchez, QB,NYJ,308,543,56.7,3474,6.40,74,26,18,39,78.2,217,2011
16,Andy Dalton, QB,CIN,300,516,58.1,3398,6.59,84,20,13,24,80.4,212,2011
17,Mike Vick, QB,PHI,253,423,59.8,3303,7.81,73,18,14,23,84.9,254,2011
18,Rex Grossman, QB,WSH,265,458,57.9,3151,6.88,51,16,20,25,72.4,242,2011
19,Alex Smith, QB,SF,273,445,61.3,3144,7.07,56,17,5,44,90.7,197,2011
20,Tarvaris Jackson, QB,SEA,271,450,60.2,3091,6.87,61,14,13,42,79.2,206,2011
21,Carson Palmer, QB,OAK,199,328,60.7,2753,8.39,78,13,16,17,80.5,275,2011
22,Colt McCoy, QB,CLE,265,463,57.2,2733,5.90,56,14,11,32,74.6,210,2011
23,Matt Moore, QB,MIA,210,347,60.5,2497,7.20,65,16,9,36,87.1,192,2011
24,Matt Schaub, QB,HOU,178,292,61.0,2479,8.49,80,15,6,16,96.8,248,2011
25,Jay Cutler, QB,CHI,182,314,58.0,2319,7.39,56,13,7,23,85.7,232,2011
26,Blaine Gabbert, QB,JAX,210,413,50.8,2214,5.36,74,12,11,40,65.4,148,2011
27,Sam Bradford, QB,LAR,191,357,53.5,2164,6.06,68,6,6,36,70.5,216,2011
28,Kevin Kolb, QB,ARI,146,253,57.7,1955,7.73,73,9,8,30,81.1,217,2011
29,John Skelton, QB,ARI,151,275,54.9,1913,6.96,60,11,14,23,68.9,239,2011
30,Christian Ponder, QB,MIN,158,291,54.3,1853,6.37,72,13,13,30,70.1,168,2011
31,Tim Tebow, QB,DEN,126,271,46.5,1729,6.38,56,12,6,33,72.9,124,2011
32,Matt Cassel, QB,KC,160,269,59.5,1713,6.37,52,10,9,22,76.6,190,2011
33,Curtis Painter, QB,IND,132,243,54.3,1541,6.34,87,6,9,16,66.6,171,2011
34,Dan Orlovsky, QB,IND,122,193,63.2,1201,6.22,40,6,4,14,82.4,150,2011
35,Jason Campbell, QB,OAK,100,165,60.6,1170,7.09,58,6,4,5,84.2,195,2011
36,Donovan McNabb, QB,MIN,94,156,60.3,1026,6.58,60,4,2,16,82.9,171,2011
37,Kyle Orton, QB,DEN/KC,91,155,58.7,979,6.32,52,8,7,9,75.7,196,2011
38,T.J. Yates, QB,HOU,82,134,61.2,949,7.08,50,3,3,15,80.7,158,2011
39,Chad Henne, QB,MIA,64,112,57.1,868,7.75,41,4,4,11,79.0,217,2011
40,Vince Young, QB,PHI,66,114,57.9,866,7.60,58,4,9,8,60.8,144,2011
,
41,John Beck, QB,WSH,80,132,60.6,858,6.50,32,2,4,16,72.1,215,2011
42,Tyler Palko, QB,KC,80,134,59.7,796,5.94,38,2,7,11,59.8,133,2011
43,Kyle Orton, QB,DEN/KC,59,97,60.8,779,8.03,49,1,2,1,81.1,195,2011
44,Caleb Hanie, QB,CHI,51,102,50.0,613,6.01,81,3,9,19,41.8,102,2011
45,Seneca Wallace, QB,CLE,55,107,51.4,567,5.30,76,2,2,6,65.4,95,2011
46,A.J. Feeley, QB,LAR,53,97,54.6,548,5.65,34,1,2,10,66.0,110,2011
47,Kellen Clemens, QB,LAR,48,91,52.7,546,6.00,36,2,1,9,73.8,182,2011
48,Jake Locker, QB,TEN,34,66,51.5,542,8.21,54,4,0,5,99.4,108,2011
49,Matt Flynn, QB,GB,33,49,67.3,518,10.57,80,6,2,5,124.8,104,2011
50,Kerry Collins, QB,IND,48,98,49.0,481,4.91,36,2,1,5,65.9,160,2011
51,Josh McCown, QB,CHI,35,55,63.6,414,7.53,49,2,4,7,68.3,138,2011
52,Joe Webb, QB,MIN,34,63,54.0,376,5.97,36,3,2,3,74.6,34,2011
53,Charlie Whitehurst, QB,SEA,27,56,48.2,298,5.32,38,1,1,8,62.9,99,2011
54,Luke McCown, QB,JAX,30,56,53.6,296,5.29,26,0,4,4,39.0,74,2011
55,Josh Johnson, QB,TB,19,36,52.8,246,6.83,42,1,2,3,60.6,27,2011
56,Jake Delhomme, QB,HOU,18,28,64.3,211,7.54,40,1,0,2,99.0,211,2011
57,Charlie Batch, QB,PIT,15,24,62.5,208,8.67,46,0,1,2,72.9,52,2011
58,Chris Redman, QB,ATL,18,28,64.3,188,6.71,22,0,1,0,68.8,38,2011
59,Stephen McGee, QB,DAL,24,38,63.2,182,4.79,19,1,0,3,83.4,182,2011
60,Kyle Boller, QB,OAK,15,28,53.6,161,5.75,27,0,3,3,31.1,81,2011
61,Bruce Gradkowski, QB,CIN,8,18,44.4,109,6.06,41,1,1,1,59.7,55,2011
62,Mike Kafka, QB,PHI,11,16,68.8,107,6.69,43,0,2,1,47.7,27,2011
63,Jon Kitna, QB,DAL,6,10,60.0,87,8.70,33,1,2,0,82.1,29,2011
64,Richard Bartel, QB,ARI,10,22,45.5,86,3.91,23,1,1,1,52.5,43,2011
65,J.P. Losman, QB,MIA,6,10,60.0,60,6.00,25,0,0,5,77.1,30,2011
66,Matt Leinart, QB,HOU,10,13,76.9,57,4.39,20,1,0,0,110.1,29,2011
67,Sidney Rice, WR,SEA,1,1,100.0,55,55.00,55,0,0,0,118.8,6,2011
68,Brandon Banks, WR,WSH,1,1,100.0,49,49.00,49,1,0,0,158.3,3,2011
69,Jeremy Kerley, WR,NYJ,1,1,100.0,41,41.00,41,0,0,0,118.8,3,2011
70,Shane Lechler, P,OAK,1,3,33.3,35,11.67,35,1,0,0,118.1,2,2011
2011NA,Colin Kaepernick, QB,SF,3,5,60.0,35,7.00,19,0,0,0,81.3,12,72,2011
Shaun Hill, QB,DET,2,3,66.7,33,11.00,28,0,0,0,103.5,17,2011
NA,Daniel Sepulveda, P,PIT,1,1,100.0,33,33.00,33,0,0,0,118.8,4,74,2011
Chase Daniel, QB,NO,4,5,80.0,29,5.80,14,0,0,0,90.8,2,75,2011
Mark Brunell, QB,NYJ,1,3,33.3,27,9.00,27,0,0,0,67.4,2,2011
NA,Legedu Naanee, WR,CAR,1,1,100.0,27,27.00,27,0,0,0,118.8,2,77,2011
Tyler Thigpen, QB,BUF,3,8,37.5,25,3.13,13,0,1,0,6.8,8,78,2011
Brian Hoyer, QB,NE,1,1,100.0,22,22.00,22,0,0,0,118.8,7,79,2011
Tyrod Taylor, QB,BAL,1,1,100.0,18,18.00,18,0,0,2,118.8,6,80,2011
Emmanuel Sanders, WR,PIT,1,1,100.0,15,15.00,15,0,0,0,118.8,1,,2011

81,David Akers, PK,SF,1,1,100.0,14,14.00,14,1,0,0,158.3,1,2011
82,Armanti Edwards, WR,CAR,1,1,100.0,11,11.00,11,0,0,0,112.5,1,2011
83,Ray Rice, RB,BAL,1,1,100.0,11.00,1,1,0,0,118.8,0,84,2011
Brad Smith, WR,BUF,0,1,0.0,0,0.00,0,0,1,1,0.0,0,2011
NA,Adam Podlesh, P,CHI,0,1,0.0,0,0.00,0,0,0,0,39.6,0,2011
NA,Matt Forte, RB,CHI,0,1,0.0,0,0.00,0,0,0,0,39.6,0,2011
NA,Bernard Scott, RB,CIN,0,1,0.0,0,0.00,0,0,0,0,39.6,0,2011
NA,Britton Colquitt, P,DEN,0,1,0.0,0,0.00,0,0,0,0,39.6,0,2011
NA,Demaryius Thomas, WR,DEN,0,1,0.0,0,0.00,0,0,0,0,39.6,0,2011
NA,Eric Decker, WR,DEN,0,1,0.0,0,0.00,0,0,0,0,39.6,0,2011
NA,Randall Cobb, WR,GB,0,1,0.0,0,0.00,0,0,0,0,39.6,0,2011
NA,Brandon Lloyd, WR,DEN/LAR,0,1,0.0,0,0.00,0,0,0,0,39.6,0,2011
NA,Jerious Norwood, RB,LAR,0,1,0.0,0,0.00,0,0,1,0,0.0,0,2011
NA,Tom Brandstater, QB,LAR,0,2,0.0,0,0.00,0,0,0,0,39.6,0,2011
NA,Chas Henry, P,PHI,0,1,0.0,0,0.00,0,0,0,0,39.6,0,2011
NA,Marshawn Lynch, RB,SEA,0,2,0.0,0,0.00,0,0,0,0,39.6,0,2011
NA,Micheal Spurlock, WR,TB,0,1,0.0,0,0.00,0,0,0,0,39.6,0,,2011

1,Philip Rivers, QB,LAC,357,541,66.0,4710,8.71,59,30,13,38,101.8,294,2010
2,Peyton Manning, QB,IND,450,679,66.3,4700,6.92,73,33,17,16,91.9,294,2010
3,Drew Brees, QB,NO,448,658,68.1,4620,7.02,80,33,22,25,90.9,289,2010
4,Matt Schaub, QB,HOU,365,574,63.6,4370,7.61,60,24,12,32,92.0,273,2010
5,Eli Manning, QB,NYG,339,539,62.9,4002,7.43,92,31,25,16,85.3,250,2010
6,Carson Palmer, QB,CIN,362,586,61.8,3970,6.78,78,26,20,26,82.4,248,2010
7,Aaron Rodgers, QB,GB,312,475,65.7,3922,8.26,86,28,11,31,101.2,261,2010
8,Tom Brady, QB,NE,324,492,65.9,3900,7.93,79,36,4,25,111.0,244,2010
9,Matt Ryan, QB,ATL,357,571,62.5,3705,6.49,46,28,9,23,91.0,232,2010
10,Kyle Orton, QB,DEN,293,498,58.8,3653,7.34,71,20,9,34,87.5,281,2010
11,Joe Flacco, QB,BAL,306,489,62.6,3622,7.41,67,25,10,40,93.6,226,2010
12,Sam Bradford, QB,LAR,354,590,60.0,3512,5.95,49,18,15,34,76.5,220,2010
13,Josh Freeman, QB,TB,291,474,61.4,3451,7.28,64,25,6,28,95.9,216,2010
14,Donovan McNabb, QB,WSH,275,472,58.3,3377,7.16,76,14,15,37,77.1,260,2010
15,Chad Henne, QB,MIA,301,490,61.4,3301,6.74,57,15,19,30,75.4,220,2010
16,Mark Sanchez, QB,NYJ,278,507,54.8,3291,6.49,74,17,13,27,75.3,206,2010
17,Jay Cutler, QB,CHI,261,432,60.4,3274,7.58,89,23,16,52,86.3,218,2010
18,Ben Roethlisberger, QB,PIT,240,389,61.7,3200,8.23,56,17,5,32,97.0,267,2010
19,Matt Cassel, QB,KC,262,450,58.2,3116,6.92,75,27,7,26,93.0,208,2010
20,Mike Vick, QB,PHI,233,372,62.6,3018,8.11,91,21,6,34,100.2,252,2010
21,Matt Hasselbeck, QB,SEA,266,444,59.9,3001,6.76,87,12,17,29,73.2,214,2010
22,Ryan Fitzpatrick, QB,BUF,255,441,57.8,3000,6.80,65,23,15,24,81.8,231,2010
23,David Garrard, QB,JAX,236,366,64.5,2734,7.47,75,23,15,33,90.8,195,2010
24,Shaun Hill, QB,DET,257,416,61.8,2686,6.46,75,16,12,17,81.3,244,2010
25,Brett Favre, QB,MIN,217,358,60.6,2509,7.01,53,11,19,22,69.9,193,2010
26,Jason Campbell, QB,OAK,194,329,59.0,2387,7.26,73,13,8,33,84.5,184,2010
27,Alex Smith, QB,SF,204,342,59.6,2370,6.93,62,14,10,25,82.1,215,2010
28,Jon Kitna, QB,DAL,209,318,65.7,2365,7.44,71,16,12,21,88.9,237,2010
29,Derek Anderson, QB,ARI,169,327,51.7,2065,6.32,43,7,10,25,65.9,172,2010
30,Kerry Collins, QB,TEN,160,278,57.6,1823,6.56,80,14,8,13,82.2,182,2010
31,Tony Romo, QB,DAL,148,213,69.5,1605,7.54,69,11,7,7,94.9,268,2010
32,Colt McCoy, QB,CLE,135,222,60.8,1576,7.10,47,6,9,23,74.5,197,2010
33,Jimmy Clausen, QB,CAR,157,299,52.5,1558,5.21,55,3,9,33,58.4,120,2010
34,Vince Young, QB,TEN,93,156,59.6,1255,8.05,71,10,3,13,98.6,139,2010
35,Kevin Kolb, QB,PHI,115,189,60.8,1197,6.33,83,7,7,15,76.1,171,2010
36,Troy Smith, QB,SF,73,145,50.3,1176,8.11,66,5,4,18,77.8,196,2010
37,Bruce Gradkowski, QB,OAK,83,157,52.9,1059,6.75,70,5,7,10,66.3,177,2010
38,Rex Grossman, QB,WSH,74,133,55.6,884,6.65,64,7,4,9,81.2,221,2010
39,Jake Delhomme, QB,CLE,93,149,62.4,872,5.85,49,2,7,6,63.4,174,2010
40,Matt Moore, QB,CAR,79,143,55.2,857,5.99,39,5,10,13,55.6,143,2010
,
41,Drew Stanton, QB,DET,69,119,58.0,780,6.56,87,4,3,6,78.4,130,2010
42,Seneca Wallace, QB,CLE,64,101,63.4,694,6.87,65,4,2,6,88.5,87,2010
43,John Skelton, QB,ARI,60,126,47.6,662,5.25,74,2,2,9,62.3,132,2010
44,Tim Tebow, QB,DEN,41,82,50.0,654,7.98,50,5,3,6,82.1,73,2010
45,Matthew Stafford, QB,DET,57,96,59.4,535,5.57,36,6,1,4,91.3,178,2010
46,Charlie Whitehurst, QB,SEA,57,99,57.6,507,5.12,61,2,3,5,65.5,85,2010
47,Joe Webb, QB,MIN,54,89,60.7,477,5.36,46,0,3,8,60.9,95,2010
48,Tyler Thigpen, QB,MIA,33,62,53.2,435,7.02,35,2,2,8,73.0,87,2010
49,Matt Flynn, QB,GB,40,66,60.6,433,6.56,66,3,2,7,82.5,62,2010
50,Max Hall, QB,ARI,39,78,50.0,370,4.74,26,1,6,14,35.7,62,2010
51,Charlie Batch, QB,PIT,29,49,59.2,352,7.18,46,3,3,4,76.2,117,2010
52,Tarvaris Jackson, QB,MIN,34,58,58.6,341,5.88,46,3,4,6,63.9,114,2010
53,Trent Edwards, QB,BUF/JAX,26,49,53.1,280,5.71,44,1,3,4,51.4,93,2010
54,Dennis Dixon, QB,PIT,22,32,68.8,254,7.94,52,0,1,5,79.4,127,2010
55,Trent Edwards, QB,BUF/JAX,29,52,55.8,241,4.64,31,1,2,7,58.3,121,2010
56,Stephen McGee, QB,DAL,22,44,50.0,238,5.41,37,2,0,3,81.4,119,2010
57,Todd Bouman, QB,JAX,18,34,52.9,222,6.53,29,2,2,1,68.5,222,2010
58,Rusty Smith, QB,TEN,20,40,50.0,200,5.00,52,0,4,1,25.0,100,2010
59,Brian St. Pierre, QB,CAR,13,28,46.4,173,6.18,88,1,2,3,48.7,173,2010
60,Richard Bartel, QB,ARI,16,28,57.1,150,5.36,31,0,1,2,57.1,150,2010
61,Brian Hoyer, QB,NE,7,15,46.7,122,8.13,42,1,1,0,69.3,24,2010
62,Luke McCown, QB,JAX,11,19,57.9,120,6.32,25,0,0,0,76.6,120,2010
63,Mark Brunell, QB,NYJ,7,13,53.8,117,9.00,52,2,1,1,92.0,59,2010
64,Josh Johnson, QB,TB,14,16,87.5,111,6.94,22,0,0,2,95.6,10,2010
65,Brian Brohm, QB,BUF,10,23,43.5,106,4.61,33,0,3,3,17.9,106,2010
66,Todd Collins, QB,CHI,10,27,37.0,68,2.52,19,0,5,2,5.9,34,2010
67,David Carr, QB,SF,5,13,38.5,67,5.15,22,0,1,1,23.6,67,2010
68,Caleb Hanie, QB,CHI,5,7,71.4,55,7.86,26,0,0,2,94.3,28,2010
69,Tony Pike, QB,CAR,6,12,50.0,47,3.92,22,0,0,1,60.1,47,2010
70,Antwaan Randle El, WR,PIT,2,2,100.0,42,21.00,39,2,0,0,158.3,3,2010
2010NA,Byron Leftwich, QB,PIT,5,7,71.4,42,6.00,14,0,0,2,86.6,42,72,2010
Brodie Croyle, QB,KC,8,19,42.1,38,2.00,16,0,1,4,27.7,19,73,2010
Tyler Palko, QB,KC,4,6,66.7,35,5.83,18,0,0,2,81.9,18,74,2010
Mohamed Massaquoi, WR,CLE,1,1,100.0,29,29.00,29,1,0,0,158.3,2,75,2010
Mike Scifres, P,LAC,1,1,100.0,28,28.00,28,0,0,0,118.8,2,2010
NA,Michael Robinson, FB,SEA,1,1,100.0,28,28.00,28,0,0,0,118.8,3,77,2010
Kyle Boller, QB,OAK,2,4,50.0,25,6.25,20,0,1,1,30.2,5,78,2010
Levi Brown, QB,BUF,2,3,66.7,24,8.00,16,0,1,0,51.4,24,79,2010
Chris Redman, QB,ATL,4,6,66.7,20,3.33,14,0,0,0,71.5,10,80,2010
Joshua Cribbs, WR,CLE,2,3,66.7,19,6.33,10,0,0,1,84.0,1,,2010

81,Chad Pennington, QB,MIA,1,2,50.0,19,9.50,19,0,0,0,83.3,19,2010
82,Jordan Palmer, QB,CIN,3,3,100.0,18,6.00,7,0,0,2,91.7,18,2010
83,Steve Breaston, WR,ARI,1,2,50.0,17,8.50,17,0,0,0,79.2,1,2010
84,Chase Daniel, QB,NO,2,3,66.7,16,5.33,9,0,0,1,79.9,1,2010
85,Peyton Hillis, RB,CLE,1,2,50.0,13,6.50,13,0,0,0,70.8,1,2010
2010NA,Sam Koch, P,BAL,1,1,100.0,13,13.00,13,0,0,0,118.8,1,87,2010
Billy Volek, QB,LAC,1,1,100.0,8,8.00,8,0,0,0,100.0,3,88,2010
Kellen Clemens, QB,NYJ,1,2,50.0,6,3.00,6,0,0,0,56.3,6,2010
NA,Brad Smith, WR,NYJ,2,3,66.7,6,2.00,3,1,0,0,109.7,0,90,2010
Earnest Graham, RB,TB,1,1,100.0,2,2.00,2,1,0,0,118.8,0,91,2010
Chad Johnson, WR,CIN,0,1,0.0,0,0.00,0,0,0,0,39.6,0,2010
NA,Marion Barber, RB,DAL,0,1,0.0,0,0.00,0,0,0,0,39.6,0,2010
NA,Stefan Logan, WR,DET,0,1,0.0,0,0.00,0,0,0,0,39.6,0,2010
NA,Jahvid Best, RB,DET,0,1,0.0,0,0.00,0,0,0,0,39.6,0,2010
NA,Darren McFadden, RB,OAK,0,1,0.0,0,0.00,0,0,0,0,39.6,0,2010
NA,Ronnie Brown, RB,MIA,0,2,0.0,0,0.00,0,0,0,0,39.6,0,2010
NA,Brandon Marshall, WR,MIA,0,1,0.0,0,0.00,0,0,0,0,39.6,0,2010
NA,Patrick Crayton, WR,LAC,0,1,0.0,0,0.00,0,0,0,0,39.6,0,2010
NA,Micheal Spurlock, WR,TB,0,3,0.0,0,0.00,0,0,0,0,39.6,0,2010
NA,Brandon LaFell, WR,CAR,0,1,0.0,0,0.00,0,0,0,0,39.6,0,2010
NA,Armanti Edwards, WR,CAR,1,1,100.0,0,0.00,0,0,0,0,79.2,0,2010
NA,Maurice Jones-Drew, RB,JAX,0,1,0.0,0,0.00,0,0,1,0,0.0,0,103,2010
Anquan Boldin, WR,BAL,1,1,100.0,-6,-6.00,-6,0,0,0,79.2,-0,,2010

1,Matt Schaub, QB,HOU,396,583,67.9,4770,8.18,72,29,15,25,98.6,298,2009
2,Peyton Manning, QB,IND,393,571,68.8,4500,7.88,80,33,16,10,99.9,281,2009
3,Tony Romo, QB,DAL,347,550,63.1,4483,8.15,80,26,9,34,97.6,280,2009
4,Aaron Rodgers, QB,GB,350,541,64.7,4434,8.20,83,30,7,50,103.2,277,2009
5,Tom Brady, QB,NE,371,565,65.7,4398,7.78,81,28,13,16,96.2,275,2009
6,Drew Brees, QB,NO,363,514,70.6,4388,8.54,75,34,11,20,109.6,293,2009
7,Ben Roethlisberger, QB,PIT,337,506,66.6,4328,8.55,60,26,12,50,100.5,289,2009
8,Philip Rivers, QB,LAC,317,486,65.2,4254,8.75,81,28,9,25,104.4,266,2009
9,Brett Favre, QB,MIN,363,531,68.4,4202,7.91,63,33,7,34,107.2,263,2009
10,Eli Manning, QB,NYG,317,509,62.3,4021,7.90,74,27,14,30,93.1,251,2009
11,Kyle Orton, QB,DEN,336,541,62.1,3802,7.03,87,21,12,29,86.8,238,2009
12,Kurt Warner, QB,ARI,339,513,66.1,3753,7.32,45,26,14,24,93.2,250,2009
13,Jay Cutler, QB,CHI,336,555,60.5,3666,6.61,71,27,26,35,76.8,229,2009
14,Jason Campbell, QB,WSH,327,507,64.5,3618,7.14,84,20,15,43,86.4,226,2009
15,Joe Flacco, QB,BAL,315,499,63.1,3613,7.24,72,21,12,36,88.9,226,2009
16,David Garrard, QB,JAX,314,516,60.9,3597,6.97,63,15,10,42,83.5,225,2009
17,Donovan McNabb, QB,PHI,267,443,60.3,3553,8.02,60,22,10,35,92.9,254,2009
18,Carson Palmer, QB,CIN,282,466,60.5,3094,6.64,73,21,13,26,83.6,193,2009
19,Matt Hasselbeck, QB,SEA,293,488,60.0,3029,6.21,53,17,17,32,75.1,216,2009
20,Matt Cassel, QB,KC,271,493,55.0,2924,5.93,61,16,16,42,69.9,195,2009
21,Matt Ryan, QB,ATL,263,451,58.3,2916,6.47,90,22,14,19,80.9,208,2009
22,Chad Henne, QB,MIA,274,451,60.8,2878,6.38,67,12,14,26,75.2,206,2009
23,Mark Sanchez, QB,NYJ,196,364,53.8,2444,6.71,65,12,20,26,63.0,163,2009
24,Alex Smith, QB,SF,225,372,60.5,2350,6.32,73,18,12,22,81.5,214,2009
25,Matthew Stafford, QB,DET,201,377,53.3,2267,6.01,75,13,20,24,61.0,227,2009
26,Jake Delhomme, QB,CAR,178,321,55.5,2015,6.28,52,8,18,23,59.4,183,2009
27,Vince Young, QB,TEN,152,259,58.7,1879,7.26,66,10,7,9,82.8,157,2009
28,Josh Freeman, QB,TB,158,290,54.5,1855,6.40,42,10,18,20,59.8,186,2009
29,Marc Bulger, QB,LAR,140,247,56.7,1469,5.95,50,5,6,14,70.7,163,2009
30,Ryan Fitzpatrick, QB,BUF,127,227,55.9,1422,6.26,98,9,10,21,69.7,142,2009
31,Brady Quinn, QB,CLE,136,256,53.1,1339,5.23,59,8,7,19,67.2,134,2009
32,JaMarcus Russell, QB,OAK,120,246,48.8,1287,5.23,86,3,11,33,50.0,107,2009
33,Kerry Collins, QB,TEN,119,216,55.1,1225,5.67,69,6,8,6,65.5,175,2009
34,Trent Edwards, QB,BUF,110,183,60.1,1169,6.39,46,6,7,23,73.8,146,2009
35,Matt Moore, QB,CAR,85,138,61.6,1053,7.63,66,8,2,9,98.5,150,2009
36,Bruce Gradkowski, QB,OAK,82,150,54.7,1007,6.71,75,6,3,11,80.6,144,2009
37,Daunte Culpepper, QB,DET,89,157,56.7,945,6.02,38,3,6,14,64.8,118,2009
38,Shaun Hill, QB,SF,87,155,56.1,943,6.08,61,5,2,18,79.6,157,2009
39,Kyle Boller, QB,LAR,98,176,55.7,899,5.11,35,3,6,17,61.2,128,2009
40,Derek Anderson, QB,CLE,81,182,44.5,888,4.88,43,3,10,11,42.1,111,2009
,
41,Chris Redman, QB,ATL,69,119,58.0,781,6.56,50,4,3,8,78.4,130,2009
42,Kevin Kolb, QB,PHI,62,96,64.6,741,7.72,71,4,3,3,88.9,148,2009
43,Seneca Wallace, QB,SEA,78,120,65.0,700,5.83,39,3,2,9,81.9,54,2009
44,Josh Johnson, QB,TB,63,125,50.4,685,5.48,35,4,8,11,50.9,114,2009
45,Byron Leftwich, QB,TB,58,107,54.2,594,5.55,47,4,3,2,71.2,198,2009
46,Charlie Frye, QB,OAK,53,87,60.9,581,6.68,33,1,4,5,65.3,194,2009
47,Keith Null, QB,LAR,73,119,61.3,566,4.76,25,3,9,13,49.9,142,2009
48,Matt Leinart, QB,ARI,51,77,66.2,435,5.65,28,0,3,2,64.6,54,2009
49,Chad Pennington, QB,MIA,51,74,68.9,413,5.58,21,1,2,6,76.0,138,2009
50,Drew Stanton, QB,DET,26,51,51.0,259,5.08,30,0,6,5,26.1,86,2009
51,Billy Volek, QB,LAC,20,31,64.5,231,7.45,50,1,1,1,84.2,58,2009
52,Brodie Croyle, QB,KC,23,40,57.5,230,5.75,50,2,0,3,90.6,77,2009
53,David Carr, QB,NYG,21,33,63.6,225,6.82,37,1,0,2,93.6,38,2009
54,Tarvaris Jackson, QB,MIN,14,21,66.7,201,9.57,34,1,0,0,113.4,25,2009
55,Brian Brohm, QB,BUF,17,29,58.6,146,5.03,15,0,2,2,43.2,73,2009
56,Dennis Dixon, QB,PIT,12,26,46.2,145,5.58,33,1,1,0,60.6,145,2009
57,Todd Collins, QB,WSH,12,23,52.2,144,6.26,46,0,0,2,71.6,48,2009
58,Brian Hoyer, QB,NE,19,27,70.4,142,5.26,17,0,0,2,82.6,28,2009
59,Kellen Clemens, QB,NYJ,13,26,50.0,125,4.81,26,0,0,4,63.8,13,2009
60,Mark Brunell, QB,NO,15,30,50.0,102,3.40,18,0,1,0,44.0,6,2009
61,Mike Vick, QB,PHI,6,13,46.2,86,6.62,43,1,0,0,93.7,7,2009
62,Curtis Painter, QB,IND,8,28,28.6,83,2.96,22,0,2,3,9.8,42,2009
2009NA,Tyler Thigpen, QB,KC/MIA,4,8,50.0,83,10.38,34,1,2,0,87.0,83,64,2009
Matt Flynn, QB,GB,7,12,58.3,58,4.83,17,0,1,1,36.1,4,65,2009
Jon Ryan, P,SEA,1,1,100.0,42,42.00,42,0,0,0,118.8,3,66,2009
J.T. O'Sullivan, QB,CIN,4,11,36.4,40,3.64,16,0,0,3,47.5,13,67,2009
Josh Brown, PK,LAR,1,1,100.0,36,36.00,36,1,0,0,158.3,2,68,2009
Hunter Smith, P,WSH,1,2,50.0,35,17.50,35,1,1,0,95.8,3,69,2009
Rex Grossman, QB,HOU,3,9,33.3,33,3.67,21,0,1,0,5.6,33,70,2009
Fred Jackson, RB,BUF,1,1,100.0,27,27.00,27,1,0,0,158.3,2,2009
NA,Brad Smith, WR,NYJ,1,1,100.0,27,27.00,27,0,0,0,118.8,2,72,2009
Mark Bradley, WR,KC,1,1,100.0,26,26.00,26,0,0,0,118.8,2,73,2009
Brian Moorman, P,BUF,1,1,100.0,25,25.00,25,1,0,0,158.3,2,74,2009
Troy Smith, QB,BAL,5,9,55.6,24,2.67,9,0,1,0,21.3,6,75,2009
Chris Simms, QB,DEN,5,17,29.4,23,1.35,7,0,1,5,15.1,8,76,2009
Joseph Addai, RB,IND,1,1,100.0,22,22.00,22,1,0,0,158.3,1,2009
NA,Ronnie Brown, RB,MIA,2,6,33.3,22,3.67,21,1,0,1,84.7,2,78,2009
Legedu Naanee, WR,LAC,1,1,100.0,21,21.00,21,0,0,0,118.8,1,79,2009
Joshua Cribbs, WR,CLE,1,4,25.0,18,4.50,18,0,1,0,6.3,1,80,2009
Charlie Batch, QB,PIT,1,2,50.0,17,8.50,17,0,0,0,79.2,17,,2009

81,Brian St. Pierre, QB,ARI,2,4,50.0,12,3.00,9,1,1,0,56.3,12,2009
82,Caleb Hanie, QB,CHI,3,7,42.9,11,1.57,5,0,1,0,10.7,6,2009
83,Phil Dawson, PK,CLE,1,1,100.0,10,10.00,10,0,0,0,108.3,1,2009
84,Mewelde Moore, RB,PIT,1,1,100.0,66.00,6,1,0,0,131.3,0,85,2009
Matt Gutierrez, QB,KC,1,1,100.0,3,3.00,3,0,0,0,79.2,3,86,2009
Josh McCown, QB,CAR,1,6,16.7,2,0.33,2,0,0,1,39.6,2,2009
NA,Luke McCown, QB,JAX,1,3,33.3,2,0.67,2,0,0,2,42.4,1,88,2009
Brad Maynard, P,CHI,1,1,100.0,0,0.00,0,0,0,0,79.2,0,2009
NA,Chris Johnson, RB,TEN,0,1,0.0,0,0.00,0,0,0,0,39.6,0,2009
NA,Reggie Wayne, WR,IND,0,1,0.0,0,0.00,0,0,1,0,0.0,0,2009
NA,Tim Castille, RB,KC,0,1,0.0,0,0.00,0,0,1,0,0.0,0,2009
NA,J.P. Losman, QB,OAK,0,1,0.0,0,0.00,0,0,0,0,39.6,0,2009
NA,Michael Bush, RB,OAK,0,1,0.0,0,0.00,0,0,0,0,39.6,0,2009
NA,Ricky Williams, RB,MIA,0,1,0.0,0,0.00,0,0,1,0,0.0,0,2009
NA,Pat White, QB,MIA,0,5,0.0,0,0.00,0,0,0,1,39.6,0,2009
NA,Sidney Rice, WR,MIN,0,1,0.0,0,0.00,0,0,0,0,39.6,0,2009
NA,Braylon Edwards, WR,CLE/NYJ,0,1,0.0,0,0.00,0,0,0,0,39.6,0,2009
NA,Steve Weatherford, P,NYJ,0,1,0.0,0,0.00,0,0,1,0,0.0,0,2009
NA,Brian Westbrook, RB,PHI,0,1,0.0,0,0.00,0,0,0,0,39.6,0,2009
NA,Santonio Holmes, WR,PIT,0,1,0.0,0,0.00,0,0,1,0,0.0,0,2009
NA,LaDainian Tomlinson, RB,LAC,0,1,0.0,0,0.00,0,0,0,0,39.6,0,2009
NA,Micheal Spurlock, WR,SF/TB,0,1,0.0,0,0.00,0,0,0,0,39.6,0,2009
NA,Dirk Johnson, P,TB,0,1,0.0,0,0.00,0,0,0,0,39.6,0,2009
NA,Michael Clayton, WR,TB,0,1,0.0,0,0.00,0,0,0,0,39.6,0,2009
NA,Clinton Portis, RB,WSH,0,1,0.0,0,0.00,0,0,0,0,39.6,0,2009
NA,Mark Clayton, WR,BAL,1,1,100.0,0,0.00,0,0,0,0,79.2,0,2009
NA,Ray Rice, RB,BAL,0,1,0.0,0,0.00,0,0,0,0,39.6,0,2009
NA,Chris Brown, RB,HOU,0,1,0.0,0,0.00,0,0,1,0,0.0,0,,2009

1,Drew Brees, QB,NO,413,635,65.0,5069,7.98,84,34,17,13,96.2,317,2008
2,Kurt Warner, QB,ARI,401,598,67.1,4583,7.66,79,30,14,26,96.9,286,2008
3,Jay Cutler, QB,DEN,384,616,62.3,4526,7.35,93,25,18,11,86.0,283,2008
4,Aaron Rodgers, QB,GB,341,536,63.6,4038,7.53,71,28,13,34,93.8,252,2008
5,Philip Rivers, QB,LAC,312,478,65.3,4009,8.39,67,34,11,25,105.5,251,2008
6,Peyton Manning, QB,IND,371,555,66.8,4002,7.21,75,27,12,14,95.0,250,2008
7,Donovan McNabb, QB,PHI,345,571,60.4,3916,6.86,90,23,11,23,86.4,245,2008
8,Matt Cassel, QB,NE,327,516,63.4,3693,7.16,76,21,11,47,89.4,231,2008
9,Chad Pennington, QB,MIA,321,476,67.4,3653,7.67,80,19,7,24,97.4,228,2008
10,David Garrard, QB,JAX,335,535,62.6,3620,6.77,41,15,13,42,81.7,226,2008
11,Brett Favre, QB,NYJ,343,522,65.7,3472,6.65,56,22,22,30,81.0,217,2008
12,Tony Romo, QB,DAL,276,450,61.3,3448,7.66,75,26,14,20,91.4,265,2008
13,Matt Ryan, QB,ATL,265,434,61.1,3440,7.93,70,16,11,17,87.7,215,2008
14,Ben Roethlisberger, QB,PIT,281,469,59.9,3301,7.04,65,17,15,46,80.1,206,2008
15,Jake Delhomme, QB,CAR,246,414,59.4,3288,7.94,65,15,12,20,84.7,206,2008
16,Jason Campbell, QB,WSH,315,506,62.3,3245,6.41,67,13,6,38,84.3,203,2008
17,Eli Manning, QB,NYG,289,479,60.3,3238,6.76,48,21,10,27,86.4,202,2008
18,Matt Schaub, QB,HOU,251,380,66.1,3043,8.01,65,15,10,23,92.7,277,2008
19,Kyle Orton, QB,CHI,272,465,58.5,2972,6.39,65,18,12,27,79.6,198,2008
20,Joe Flacco, QB,BAL,257,428,60.0,2971,6.94,70,14,12,32,80.3,186,2008
21,Marc Bulger, QB,LAR,251,440,57.0,2720,6.18,80,11,13,38,71.4,181,2008
22,Jeff Garcia, QB,TB,244,376,64.9,2712,7.21,71,12,6,23,90.2,226,2008
23,Trent Edwards, QB,BUF,245,374,65.5,2699,7.22,65,11,10,23,85.4,193,2008
24,Kerry Collins, QB,TEN,242,415,58.3,2676,6.45,56,12,7,8,80.2,167,2008
25,Tyler Thigpen, QB,KC,230,420,54.8,2608,6.21,75,18,12,26,76.0,186,2008
26,JaMarcus Russell, QB,OAK,198,368,53.8,2423,6.58,84,13,8,31,77.1,162,2008
27,Gus Frerotte, QB,MIN,178,301,59.1,2157,7.17,99,12,15,29,73.7,196,2008
28,Shaun Hill, QB,SF,181,288,62.8,2046,7.10,48,13,8,23,87.5,227,2008
29,Ryan Fitzpatrick, QB,CIN,221,372,59.4,1905,5.12,79,8,9,38,70.0,147,2008
30,J.T. O'Sullivan, QB,SF,128,220,58.2,1678,7.63,63,8,11,32,73.6,186,2008
31,Dan Orlovsky, QB,DET,143,255,56.1,1616,6.34,96,8,8,14,72.6,162,2008
32,Derek Anderson, QB,CLE,142,283,50.2,1615,5.71,70,9,8,14,66.5,162,2008
33,Seneca Wallace, QB,SEA,141,242,58.3,1532,6.33,90,11,3,14,87.0,153,2008
34,Sage Rosenfels, QB,HOU,116,174,66.7,1431,8.22,61,6,10,9,79.5,239,2008
35,Matt Hasselbeck, QB,SEA,109,209,52.2,1216,5.82,34,5,10,19,57.8,174,2008
36,Brian Griese, QB,TB,110,184,59.8,1073,5.83,38,5,7,9,69.4,215,2008
37,Tarvaris Jackson, QB,MIN,88,149,59.1,1056,7.09,59,9,2,14,95.4,117,2008
38,Daunte Culpepper, QB,DET,60,115,52.2,786,6.84,70,4,6,14,63.9,157,2008
39,Jon Kitna, QB,DET,68,120,56.7,758,6.32,47,5,5,15,72.2,190,2008
40,Carson Palmer, QB,CIN,75,129,58.1,731,5.67,36,3,4,11,69.0,183,2008
,
41,J.P. Losman, QB,BUF,63,104,60.6,584,5.62,87,2,5,15,62.3,117,2008
42,Trent Green, QB,LAR,38,72,52.8,525,7.29,53,0,6,6,41.7,175,2008
43,Brady Quinn, QB,CLE,45,89,50.6,518,5.82,42,2,2,1,66.6,173,2008
44,Damon Huard, QB,KC,50,81,61.7,477,5.89,68,2,4,9,65.7,95,2008
45,Brad Johnson, QB,DAL,41,78,52.6,427,5.47,36,2,5,8,50.5,27,2008
46,Ken Dorsey, QB,CLE,43,91,47.3,370,4.07,28,0,7,5,26.4,93,2008
47,Byron Leftwich, QB,PIT,21,36,58.3,303,8.42,50,2,0,3,104.3,61,2008
48,Matt Leinart, QB,ARI,15,29,51.7,264,9.10,78,1,1,2,80.2,66,2008
49,Rex Grossman, QB,CHI,32,62,51.6,257,4.15,29,2,2,2,59.7,64,2008
50,Vince Young, QB,TEN,22,36,61.1,219,6.08,54,1,2,3,64.5,73,2008
51,Andrew Walter, QB,OAK,22,49,44.9,204,4.16,28,0,3,5,31.3,102,2008
52,Jim Sorgi, QB,IND,22,30,73.3,178,5.93,33,0,0,0,87.9,178,2008
53,Brodie Croyle, QB,KC,20,29,69.0,151,5.21,22,0,0,1,81.3,76,2008
54,Kevin Kolb, QB,PHI,17,34,50.0,144,4.24,16,0,4,0,21.8,24,2008
55,Drew Stanton, QB,DET,9,17,52.9,119,7.00,41,1,0,6,95.0,40,2008
56,David Carr, QB,NYG,9,12,75.0,115,9.58,27,2,0,1,144.1,38,2008
57,Charlie Frye, QB,SEA,12,23,52.2,83,3.61,19,2,2,3,53.4,42,2008
58,Troy Smith, QB,BAL,3,4,75.0,82,20.50,43,1,0,1,156.3,14,2008
59,Quinn Gray, QB,KC,7,8,87.5,76,9.50,26,1,0,0,145.8,76,2008
2008NA,Tom Brady, QB,NE,7,11,63.6,76,6.91,26,0,0,0,83.9,76,61,2008
Brooks Bollinger, QB,DAL,10,17,58.8,71,4.18,24,1,1,3,63.6,36,62,2008
Chad Henne, QB,MIA,7,12,58.3,67,5.58,19,0,0,0,74.0,22,63,2008
Antwaan Randle El, WR,WSH,3,4,75.0,46,11.50,18,1,0,0,152.1,3,64,2008
Jason Witten, TE,DAL,1,1,100.0,42,42.00,42,0,0,0,118.8,3,65,2008
Jordan Palmer, QB,CIN,7,12,58.3,41,3.42,13,0,2,2,25.3,14,2008
NA,Ronnie Brown, RB,MIA,2,3,66.7,41,13.67,22,1,0,1,149.3,3,67,2008
Mark Bradley, WR,CHI/KC,1,1,100.0,37,37.00,37,1,0,0,158.3,4,68,2008
Mark Clayton, WR,BAL,1,1,100.0,32,32.00,32,1,0,0,158.3,2,69,2008
Bruce Gradkowski, QB,CLE,7,21,33.3,26,1.24,12,0,3,4,2.8,13,2008
NA,Kellen Clemens, QB,NYJ,3,5,60.0,26,5.20,11,0,1,0,34.2,13,71,2008
Kevin O'Connell, QB,NE,4,6,66.7,23,3.83,12,0,0,1,73.6,12,72,2008
Drew Henson, QB,DET,1,2,50.0,20,10.00,20,0,0,3,85.4,10,73,2008
Brian Moorman, P,BUF,1,1,100.0,19,19.00,19,1,0,0,158.3,1,2008
NA,Patrick Ramsey, QB,DEN,2,3,66.7,19,6.33,10,0,0,1,84.0,19,75,2008
Brad Smith, WR,NYJ,1,2,50.0,18,9.00,18,0,0,0,81.3,1,2008
NA,Jerheme Urban, WR,ARI,1,1,100.0,18,18.00,18,0,0,0,118.8,1,77,2008
Dane Looker, WR,LAR,2,3,66.7,17,5.67,11,0,0,1,81.3,1,78,2008
Dirk Johnson, P,ARI,1,1,100.0,10,10.00,10,0,0,0,108.3,1,79,2008
Joshua Cribbs, WR,CLE,1,4,25.0,8,2.00,8,0,0,0,39.6,1,2008
NA,Michael Bush, RB,OAK,1,2,50.0,8,4.00,8,0,0,0,60.4,1,,2008

81,Chris Simms, QB,TEN,1,2,50.0,73.50,7,0,0,1,58.3,7,82,2008
Matt Flynn, QB,GB,2,5,40.0,6,1.20,3,0,0,0,47.9,1,2008
NA,Brock Berlin, QB,LAR,1,3,33.3,6,2.00,6,0,0,0,42.4,6,84,2008
Marques Hagans, WR,KC,1,1,100.0,5,5.00,5,0,0,1,87.5,3,85,2008
Larry Johnson, RB,KC,1,1,100.0,4,4.00,4,1,0,0,122.9,0,2008
NA,Marques Tuiasosopo, QB,OAK,1,2,50.0,4,2.00,4,0,0,2,56.3,2,2008
NA,Chester Taylor, RB,MIN,1,1,100.0,4,4.00,4,1,0,0,122.9,0,88,2008
Dennis Dixon, QB,PIT,1,1,100.0,3,3.00,3,0,0,0,79.2,3,2008
NA,Earnest Graham, RB,TB,1,1,100.0,3,3.00,3,1,0,0,118.8,0,90,2008
Brad Maynard, P,CHI,0,1,0.0,0,0.00,0,0,0,0,39.6,0,2008
NA,Patrick Crayton, WR,DAL,0,1,0.0,0,0.00,0,0,0,0,39.6,0,2008
NA,Eddie Royal, WR,DEN,0,1,0.0,0,0.00,0,0,0,0,39.6,0,2008
NA,Dante Hall, WR,LAR,0,1,0.0,0,0.00,0,0,0,0,39.6,0,2008
NA,Donnie Jones, P,LAR,0,1,0.0,0,0.00,0,0,0,0,39.6,0,2008
NA,Sidney Rice, WR,MIN,0,1,0.0,0,0.00,0,0,0,0,39.6,0,2008
NA,Lance Moore, WR,NO,0,1,0.0,0,0.00,0,0,1,0,0.0,0,2008
NA,DeSean Jackson, WR,PHI,0,1,0.0,0,0.00,0,0,1,0,0.0,0,2008
NA,J.J. Arrington, RB,ARI,0,1,0.0,0,0.00,0,0,0,0,39.6,0,2008
NA,Isaac Bruce, WR,SF,0,1,0.0,0,0.00,0,0,0,0,39.6,0,2008
NA,Luke McCown, QB,TB,0,1,0.0,0,0.00,0,0,0,0,39.6,0,2008
NA,Cleo Lemon, QB,JAX,0,2,0.0,0,0.00,0,0,0,0,39.6,0,2008
NA,Matt Turk, P,HOU,0,1,0.0,0,0.00,0,0,0,0,39.6,0,103,2008
Kevin Faulk, RB,NE,1,1,100.0,-2,-2.00,-2,0,0,0,79.2,-0,,2008

1,Tom Brady, QB,NE,398,578,68.9,4806,8.32,69,50,8,21,117.2,300,2007
2,Drew Brees, QB,NO,440,652,67.5,4423,6.78,58,28,18,16,89.4,276,2007
3,Tony Romo, QB,DAL,335,520,64.4,4211,8.10,59,36,19,24,97.4,263,2007
4,Brett Favre, QB,GB,356,535,66.5,4155,7.77,82,28,15,15,95.7,260,2007
5,Carson Palmer, QB,CIN,373,575,64.9,4131,7.18,70,26,20,17,86.7,258,2007
6,Jon Kitna, QB,DET,355,561,63.3,4068,7.25,91,18,20,51,80.9,254,2007
7,Peyton Manning, QB,IND,337,515,65.4,4040,7.85,73,31,14,21,98.0,253,2007
8,Matt Hasselbeck, QB,SEA,352,562,62.6,3966,7.06,65,28,12,33,91.4,248,2007
9,Derek Anderson, QB,CLE,298,527,56.5,3787,7.19,78,29,19,14,82.5,237,2007
10,Jay Cutler, QB,DEN,297,467,63.6,3497,7.49,68,20,14,27,88.1,219,2007
11,Kurt Warner, QB,ARI,281,451,62.3,3417,7.58,62,27,17,20,89.8,244,2007
12,Eli Manning, QB,NYG,297,529,56.1,3336,6.31,60,23,20,27,73.9,209,2007
13,Donovan McNabb, QB,PHI,291,473,61.5,3324,7.03,75,19,7,44,89.9,237,2007
14,Ben Roethlisberger, QB,PIT,264,404,65.3,3154,7.81,83,32,11,47,104.1,210,2007
15,Philip Rivers, QB,LAC,277,460,60.2,3152,6.85,49,21,15,22,82.4,197,2007
16,Jason Campbell, QB,WSH,250,417,60.0,2700,6.48,54,12,11,21,77.6,208,2007
17,Vince Young, QB,TEN,238,382,62.3,2546,6.67,73,9,17,25,71.1,170,2007
18,David Garrard, QB,JAX,208,325,64.0,2509,7.72,59,18,3,21,102.2,209,2007
19,Jeff Garcia, QB,TB,209,327,63.9,2440,7.46,69,13,4,19,94.6,188,2007
20,Marc Bulger, QB,LAR,221,378,58.5,2392,6.33,40,11,15,37,70.3,199,2007
21,Damon Huard, QB,KC,206,332,62.0,2257,6.80,58,11,13,36,76.8,205,2007
22,Matt Schaub, QB,HOU,192,289,66.4,2241,7.75,77,9,9,16,87.2,204,2007
23,Joey Harrington, QB,ATL,215,348,61.8,2215,6.37,69,7,8,32,77.2,185,2007
24,Tarvaris Jackson, QB,MIN,171,294,58.2,1911,6.50,71,9,12,19,70.8,159,2007
25,Brian Griese, QB,CHI,161,262,61.5,1803,6.88,81,10,12,15,75.6,258,2007
26,Cleo Lemon, QB,MIA,173,309,56.0,1773,5.74,64,6,6,25,71.0,197,2007
27,Chad Pennington, QB,NYJ,179,260,68.8,1765,6.79,57,10,9,26,86.1,196,2007
28,Kyle Boller, QB,BAL,168,275,61.1,1743,6.34,53,9,10,24,75.2,145,2007
29,Sage Rosenfels, QB,HOU,154,240,64.2,1684,7.02,53,15,12,6,84.8,187,2007
30,Trent Edwards, QB,BUF,151,269,56.1,1630,6.06,70,7,8,12,70.4,163,2007
31,Kellen Clemens, QB,NYJ,130,250,52.0,1529,6.12,56,5,10,27,60.9,153,2007
32,Rex Grossman, QB,CHI,122,225,54.2,1411,6.27,59,4,7,25,66.4,176,2007
33,Daunte Culpepper, QB,OAK,108,186,58.1,1331,7.16,59,5,5,21,78.0,190,2007
34,Brodie Croyle, QB,KC,127,224,56.7,1227,5.48,35,6,6,17,69.9,136,2007
35,J.P. Losman, QB,BUF,111,175,63.4,1204,6.88,85,4,6,14,76.9,151,2007
36,Trent Dilfer, QB,SF,113,219,51.6,1166,5.32,57,7,12,27,55.1,167,2007
37,Josh McCown, QB,OAK,111,190,58.4,1151,6.06,46,10,11,14,69.4,128,2007
38,Steve McNair, QB,BAL,133,205,64.9,1113,5.43,30,2,4,11,73.9,186,2007
39,Chris Redman, QB,ATL,89,149,59.7,1079,7.24,74,10,5,9,90.4,154,2007
40,Gus Frerotte, QB,LAR,94,167,56.3,1014,6.07,38,7,12,11,58.3,127,2007
,
41,Luke McCown, QB,TB,94,139,67.6,1009,7.26,60,5,3,15,91.7,202,2007
42,Trent Green, QB,MIA,85,141,60.3,987,7.00,43,5,7,7,72.6,197,2007
43,Quinn Gray, QB,JAX,80,144,55.6,986,6.85,80,10,5,10,85.6,123,2007
44,Vinny Testaverde, QB,CAR,94,172,54.7,952,5.54,65,5,6,9,65.8,136,2007
45,Alex Smith, QB,SF,94,193,48.7,914,4.74,45,2,4,17,57.2,131,2007
46,Todd Collins, QB,WSH,67,105,63.8,888,8.46,54,5,0,7,106.4,222,2007
47,Matt Moore, QB,CAR,63,111,56.8,730,6.58,57,3,5,6,67.0,81,2007
48,A.J. Feeley, QB,PHI,59,103,57.3,681,6.61,47,5,8,3,61.2,227,2007
49,Matt Leinart, QB,ARI,60,112,53.6,647,5.78,40,2,4,4,61.9,129,2007
50,David Carr, QB,CAR,73,136,53.7,635,4.67,38,3,5,13,58.3,106,2007
51,Jake Delhomme, QB,CAR,55,86,64.0,624,7.26,74,8,1,5,111.8,208,2007
52,John Beck, QB,MIA,60,107,56.1,559,5.22,22,1,3,10,62.0,112,2007
53,Kerry Collins, QB,TEN,50,82,61.0,531,6.48,46,0,0,5,79.9,89,2007
54,Kelly Holcomb, QB,MIN,42,83,50.6,515,6.21,40,2,1,12,73.1,172,2007
55,Shaun Hill, QB,SF,54,79,68.4,501,6.34,26,5,1,6,101.3,167,2007
56,Kyle Orton, QB,CHI,43,80,53.8,478,5.98,55,3,2,2,73.9,159,2007
57,Troy Smith, QB,BAL,40,76,52.6,452,5.95,79,2,0,4,79.5,113,2007
58,Brooks Bollinger, QB,MIN,33,50,66.0,391,7.82,50,1,1,7,88.0,78,2007
59,JaMarcus Russell, QB,OAK,36,66,54.5,373,5.65,32,2,4,6,55.9,93,2007
60,Byron Leftwich, QB,ATL,32,58,55.2,279,4.81,23,1,2,6,59.5,93,2007
61,Patrick Ramsey, QB,DEN,29,48,60.4,262,5.46,21,1,1,3,73.4,131,2007
62,Charlie Batch, QB,PIT,17,36,47.2,232,6.44,59,2,3,0,52.1,33,2007
63,Aaron Rodgers, QB,GB,20,28,71.4,218,7.79,43,1,0,3,106.0,109,2007
64,Seneca Wallace, QB,SEA,19,28,67.9,215,7.68,45,2,1,3,99.6,22,2007
65,Tim Rattay, QB,ARI,15,27,55.6,164,6.07,42,3,3,0,71.1,41,2007
66,Brock Berlin, QB,LAR,17,28,60.7,153,5.46,23,0,1,0,60.6,153,2007
67,J.T. O'Sullivan, QB,DET,13,26,50.0,148,5.69,42,1,2,3,48.2,37,2007
68,Jim Sorgi, QB,IND,18,36,50.0,132,3.67,12,1,0,2,68.3,33,2007
69,Bruce Gradkowski, QB,TB,13,24,54.2,130,5.42,20,0,1,2,52.4,33,2007
70,Chris Weinke, QB,SF,13,22,59.1,104,4.73,21,1,0,5,86.2,52,2007
71,Sidney Rice, WR,MIN,2,2,100.0,94,47.00,79,0,0,0,118.8,7,2007
72,Craig Nall, QB,BUF/GB/HOU,7,15,46.7,88,5.87,32,1,0,1,87.6,88,2007
73,Brad Johnson, QB,DAL,7,11,63.6,79,7.18,35,0,0,1,85.0,5,2007
74,Brady Quinn, QB,CLE,3,8,37.5,45,5.63,18,0,0,0,56.8,45,2007
75,Tyler Thigpen, QB,KC,2,6,33.3,41,6.83,22,0,1,1,18.7,41,2007
76,Andrew Walter, QB,OAK,5,8,62.5,38,4.75,19,0,0,0,74.0,38,2007
2007NA,Matt Cassel, QB,NE,4,7,57.1,38,5.43,21,0,1,0,32.7,6,78,2007
Leon Washington, RB,NYJ,1,1,100.0,36,36.00,36,0,0,0,118.8,2,79,2007
Charlie Frye, QB,CLE/SEA,4,10,40.0,34,3.40,15,0,1,5,10.0,34,80,2007
Daniel Sepulveda, P,PIT,1,1,100.0,32,32.00,32,0,0,0,118.8,2,,2007

81,Jared Lorenzen, QB,NYG,4,8,50.0,28,3.50,9,0,0,1,58.3,14,2007
82,Chris Kluwe, P,MIN,1,1,100.0,27,27.00,27,0,0,0,118.8,2,2007
83,Antwaan Randle El, WR,WSH,1,2,50.0,19,9.50,19,0,0,0,83.3,1,2007
84,LaDainian Tomlinson, RB,LAC,1,1,100.0,17,17.00,17,1,0,0,158.3,1,2007
85,Matt Gutierrez, QB,NE,1,1,100.0,15,15.00,15,0,0,0,118.8,3,2007
2007NA,Clinton Portis, RB,WSH,1,1,100.0,15,15.00,15,1,0,1,158.3,1,87,2007
Anthony Wright, QB,NYG,1,7,14.3,12,1.71,12,0,0,0,39.6,4,88,2007
Adrian Peterson, RB,CHI,1,1,100.0,9,9.00,9,1,0,0,143.8,1,89,2007
Marshawn Lynch, RB,BUF,1,1,100.0,8,8.00,8,1,0,0,139.6,1,90,2007
Billy Volek, QB,LAC,3,10,30.0,6,0.60,4,0,1,2,0.0,1,91,2007
Steven Jackson, RB,LAR,1,1,100.0,2,2.00,2,1,0,0,118.8,0,92,2007
Robbie Gould, PK,CHI,0,1,0.0,0,0.00,0,0,0,0,39.6,0,2007
NA,Larry Johnson, RB,KC,0,1,0.0,0,0.00,0,0,0,0,39.6,0,2007
NA,Ronald Curry, WR,OAK,0,1,0.0,0,0.00,0,0,0,0,39.6,0,2007
NA,Marty Booker, WR,MIA,0,1,0.0,0,0.00,0,0,0,0,39.6,0,2007
NA,Chester Taylor, RB,MIN,0,1,0.0,0,0.00,0,0,0,0,39.6,0,2007
NA,Mewelde Moore, RB,MIN,0,1,0.0,0,0.00,0,0,0,0,39.6,0,2007
NA,Brad Smith, WR,NYJ,0,1,0.0,0,0.00,0,0,0,0,39.6,0,2007
NA,Greg Lewis, WR,PHI,0,1,0.0,0,0.00,0,0,0,0,39.6,0,2007
NA,Willie Parker, RB,PIT,0,1,0.0,0,0.00,0,0,0,0,39.6,0,2007
NA,Mark Clayton, WR,BAL,0,1,0.0,0,0.00,0,0,0,0,39.6,0,,2007
